ID,Cluster
AAACAACGAATAGTTC-1,1
AAACAAGTATCTCCCA-1,3
AAACAATCTACTAGCA-1,1
AAACACCAATAACTGC-1,7
AAACAGCTTTCAGAAG-1,6
AAACAGGGTCTATATT-1,6
AAACAGTGTTCCTGGG-1,7
AAACATTTCCCGGATT-1,5
AAACCACTACACAGAT-1,3
AAACCCGAACGAAATC-1,3
AAACCGGGTAGGTACC-1,5
AAACCGTTCGTCCAGG-1,6
AAACCTAAGCAGCCGG-1,6
AAACCTCATGAAGTTG-1,5
AAACGAAGAACATACC-1,1
AAACGACAGTCTTGCC-1,3
AAACGAGACGGTTGAT-1,3
AAACGCCCGAGATCGG-1,2
AAACGGGCGTACGGGT-1,5
AAACGGGTTGGTATCC-1,1
AAACGGTTGCGAACTG-1,7
AAACGTGTTCGCCCTA-1,1
AAACTAACGTGGCGAC-1,1
AAACTCGGTTCGCAAT-1,6
AAACTCGTGATATAAG-1,1
AAACTGCTGGCTCCAA-1,4
AAACTTGCAAACGTAT-1,6
AAAGAATGTGGACTAA-1,6
AAAGACATGAAGTTTA-1,2
AAAGACCCAAGTCGCG-1,2
AAAGACTGGGCGCTTT-1,5
AAAGGCTACGGACCAT-1,6
AAAGGCTCTCGCGCCG-1,6
AAAGGGATGTAGCAAG-1,3
AAAGGGCAGCTTGAAT-1,3
AAAGGTAAGCTGTACC-1,1
AAAGGTCAACGACATG-1,3
AAAGTAGCATTGCTCA-1,6
AAAGTCACTGATGTAA-1,2
AAAGTCGACCCTCAGT-1,5
AAAGTGTGATTTATCT-1,3
AAAGTTGACTCCCGTA-1,3
AAATAACCATACGGGA-1,1
AAATAAGGTAGTGCCC-1,1
AAATACCTATAAGCAT-1,4
AAATAGCTTAGACTTT-1,3
AAATAGGGTGCTATTG-1,5
AAATCACTCCTAAACG-1,3
AAATCCGATACACGCC-1,6
AAATCGTGTACCACAA-1,5
AAATCTAGCCCTGCTA-1,4
AAATGATTCGATCAGC-1,1
AAATGCTCGTTACGTT-1,3
AAATGGCATGTCTTGT-1,1
AAATGGCCCGTGCCCT-1,6
AAATGGTCAATGTGCC-1,3
AAATGTATCTTATCCC-1,5
AAATGTGGGTGCTCCT-1,1
AAATTAACGGGTAGCT-1,3
AAATTAATAAGCGCGA-1,5
AAATTACACGACTCTG-1,1
AAATTACCTATCGATG-1,2
AAATTCCAGGTCCAAA-1,2
AAATTGATAGTCCTTT-1,7
AAATTGCGGCGGTTCT-1,2
AAATTGGTGAGAAGCA-1,1
AAATTTACCGAAATCC-1,1
AAATTTGCGGGTGTGG-1,5
AACAACTGGTAGTTGC-1,3
AACAATACATTGTCGA-1,7
AACAATTACTCTACGC-1,4
AACACACGCTCGCCGC-1,4
AACACGACTGTACTGA-1,1
AACACGAGACGCGGCC-1,6
AACACGCGGCCGCGAA-1,2
AACAGCTGTGTGGCAA-1,7
AACAGGAAATCGAATA-1,1
AACAGGATGGGCCGCG-1,4
AACAGGTAGTATGGAT-1,3
AACATAGCGTGTATCG-1,6
AACATATCAACTGGTG-1,1
AACATCGATACGTCTA-1,1
AACATTGGTCAGCCGT-1,2
AACATTGTGACTCGAG-1,7
AACCAAGACTTCTCTG-1,5
AACCAGTATCACTCTT-1,1
AACCATGGGATCGCTA-1,3
AACCCAGAGACGGAGA-1,3
AACCCGACAACCCGTG-1,7
AACCCGAGCAGAATCG-1,4
AACCCGATAGGGCTTC-1,3
AACCCTACTGTCAATA-1,3
AACCCTGGTGGAACCA-1,1
AACCGAGCTTGGTCAT-1,3
AACCGCTAAGGGATGC-1,3
AACCGTTGTGTTTGCT-1,1
AACCTAAAGCCGTCCG-1,1
AACCTCGCTTTAGCCC-1,5
AACCTGTCACGGAATT-1,2
AACCTTTAAATACGGT-1,5
AACCTTTACGACGTCT-1,1
AACGATAATGCCGTAG-1,5
AACGATAGAAGGGCCG-1,3
AACGATATGTCAACTG-1,3
AACGCATGATCTGGGT-1,1
AACGCGAACGGCAACA-1,3
AACGCGACCTTGGGCG-1,7
AACGCGGTCTCCAGCC-1,3
AACGCTGTTGCTGAAA-1,4
AACGGACGTACGTATA-1,4
AACGGCCATCTCCGGT-1,5
AACGTACTGTGGGTAC-1,5
AACGTAGTCTACCCAT-1,1
AACGTCAGACTAGTGG-1,3
AACGTGATGAAGGACA-1,1
AACGTGCGAAAGTCTC-1,3
AACGTTATCAGCACCT-1,4
AACTACCCGTTTGTCA-1,3
AACTAGCGTATCGCAC-1,1
AACTAGGCTTGGGTGT-1,5
AACTCAAGTTAATTGC-1,4
AACTCCAGAGCGTGTT-1,5
AACTCCTAATCCCATG-1,1
AACTCGATAAACACGT-1,3
AACTCGATGGCGCAGT-1,3
AACTCTCAATAGAGCG-1,3
AACTCTCAGTGTGCTC-1,6
AACTGAGGTCAGCGTC-1,1
AACTGATATTAGGCCT-1,2
AACTGGGTCCCGACGT-1,3
AACTGGGTTCGAGCCG-1,1
AACTGGTGTGGGCCTT-1,1
AACTTCTGCGTCTATC-1,3
AACTTGCCCGTATGCA-1,4
AACTTGCGTTCTCGCG-1,3
AACTTTACGGGAGCTT-1,5
AACTTTAGCTGCTGAG-1,1
AACTTTCTCGATCATG-1,1
AAGAAATCACCAGATT-1,1
AAGAAGGATCAGTTAG-1,3
AAGACATACGTGGTTT-1,5
AAGACCCAACTGAACA-1,6
AAGACTAACCCGTTGT-1,2
AAGACTCACGCCCACT-1,2
AAGACTGCAAGCTACT-1,3
AAGAGATGAATCGGTA-1,3
AAGAGCTCTTTATCGG-1,3
AAGAGGATGTACGCGA-1,5
AAGAGGCATGGATCGC-1,3
AAGAGGCCCTTTGGAA-1,5
AAGATGGCACCGGACC-1,7
AAGATTGGCGGAACGT-1,2
AAGCACCCTGCGTATC-1,5
AAGCATACTCTCCTGA-1,5
AAGCCGAAGCGGTTTA-1,3
AAGCCGCTTTACCTTG-1,1
AAGCGCAGGGCTTTGA-1,6
AAGCGGAGTGCGCGCA-1,2
AAGCGGCGTCATGGGT-1,1
AAGCGTCCCTCATCGA-1,7
AAGCTAGATCGAGTAA-1,5
AAGCTCGTGCCAAGTC-1,3
AAGCTCTTTCATGGTG-1,5
AAGGAGAACTTATAAG-1,1
AAGGAGCGGTTGGTGC-1,3
AAGGATCGATCGCTTG-1,3
AAGGATGAGGGACCTC-1,2
AAGGCAGGCTGTCTCC-1,3
AAGGCGCGTAAAGCTT-1,3
AAGGCTGTGCTCATCG-1,3
AAGGGACAGATTCTGT-1,2
AAGGGACTATGCATTC-1,7
AAGGTATCCTAATATA-1,2
AAGGTGATAAACCAGC-1,3
AAGTAAGCTTCCAAAC-1,1
AAGTAGAAGACCGGGT-1,3
AAGTAGTGACGCGAGG-1,4
AAGTCAATTGTCGTCA-1,3
AAGTCTAGTAGCTGCC-1,1
AAGTCTTCTGTGGCCT-1,6
AAGTGACGACCGAATT-1,5
AAGTGAGTCGGGTTTA-1,7
AAGTGCAAAGGTAGAC-1,5
AAGTGCCTTGACTGTA-1,3
AAGTGCGTTAGAATCT-1,6
AAGTGCTTCTCTATTG-1,7
AAGTGTTTGGAGACGG-1,5
AAGTTCACTCCAAGCT-1,5
AAGTTCAGTCTGCGTA-1,1
AAGTTCGGCCAACAGG-1,5
AAGTTGTGATGTTATA-1,5
AAGTTTACTAATGGCA-1,1
AAGTTTATGGGCCCAA-1,6
AATAACAACGCTCGGC-1,5
AATAACACTAGAACAA-1,6
AATAAGTCCTCGAGAC-1,1
AATACAATGTTTCAGG-1,3
AATACCGGAGGGCTGT-1,7
AATACCTGATGTGAAC-1,6
AATAGAACAGAGTGGC-1,6
AATAGAATCTGTTTCA-1,4
AATAGCAAGCCTCCTG-1,2
AATAGCTACCGCGTGC-1,1
AATAGTCCGTCCCGAC-1,6
AATAGTCGCGAGTCGG-1,4
AATATCAAGGTCGGAT-1,2
AATATCGAATCAATGC-1,3
AATATCGAGGGTTCTC-1,1
AATATTGGAGTATTGA-1,5
AATCAGACTGCAGGAC-1,2
AATCAGGTTTCATTTA-1,7
AATCATGTAAAGACTC-1,4
AATCCAAGGGCCTGAG-1,3
AATCCATGCAAGGGTG-1,3
AATCGAGGTCTCAAGG-1,7
AATCGCCTCAGCGCCA-1,3
AATCGCGCAGAGGACT-1,3
AATCGGGACACTACGA-1,1
AATCGGTATAGCCCTC-1,6
AATCGTGAGCCGAGCA-1,6
AATCTAGGTTTACTTG-1,7
AATCTATGCCGGAGCC-1,1
AATCTCTACTGTGGTT-1,5
AATCTGCGTTGGGACG-1,3
AATCTGGCTTTCTAGT-1,7
AATCTGGGTAGACCCT-1,1
AATGACAGCAATGTCT-1,6
AATGACGTAGGATGTC-1,3
AATGACTGTCAGCCGG-1,3
AATGAGTTCGCATATG-1,3
AATGATGATACGCTAT-1,1
AATGATGCGACTCCTG-1,1
AATGCAACCGGGTACC-1,3
AATGCACCAAGCAATG-1,1
AATGGCCGCCAATGCG-1,3
AATGGTCCACCGTTCA-1,5
AATGGTTCTCACAAGC-1,3
AATGTGCCCGAGGTGT-1,7
AATGTGCTAATCTGAG-1,7
AATGTTAAGACCCTGA-1,6
AATGTTGTCGTGAGAC-1,5
AATTAAAGGTCGGCGT-1,4
AATTAACGGATTTCCA-1,5
AATTACTCGTACGCTC-1,3
AATTAGCGCTGCAGCG-1,5
AATTATACCCAGCAAG-1,6
AATTCATAAGGGATCT-1,1
AATTCCAACTTGGTGA-1,2
AATTCCAAGCATGTAC-1,7
AATTCGATTCGAGGAT-1,6
AATTCTAGAGTTAGGC-1,5
AATTGAACGCTCTGGT-1,3
AATTGCAGCAATCGAC-1,5
AATTGTGGTTGCCAAA-1,5
AATTTGGGACATAGTA-1,1
AATTTGGTTCCAAAGA-1,1
ACAAACCGACAAGGCG-1,1
ACAAAGAAGGTAGGCC-1,6
ACAAAGCATGACCTAG-1,5
ACAAATCGCACCGAAT-1,4
ACAAATGGTAGTGTTT-1,3
ACAAATTCAGATCTGA-1,1
ACAACAGCATGAGCTA-1,3
ACAACGGTCCCTGCGA-1,3
ACAAGCAGTGCCTAGC-1,4
ACAAGCTATATGGAAG-1,6
ACAAGGAAATCCGCCC-1,4
ACAAGGACAAGAGGTT-1,3
ACAAGGATGCTTTAGG-1,5
ACAAGGCCTACCAGCC-1,2
ACAAGGGCAGGCTCTG-1,4
ACAATAGTCGTACGTT-1,5
ACAATCCATTTAAACC-1,5
ACAATCGATCTTTATA-1,1
ACAATGAATACGGAGA-1,7
ACAATGATTCTTCTAC-1,2
ACAATTGTGTCTCTTT-1,4
ACAATTTAGGAGGCTC-1,5
ACAATTTGAGCAGTGG-1,3
ACACAAAGACGGGTGG-1,3
ACACAAATATTCCTAG-1,1
ACACACCAGGACCAGT-1,3
ACACACTTTCTACACG-1,1
ACACATTGACGCAACA-1,3
ACACATTTCCGTAGAC-1,7
ACACCACATAATTAGC-1,1
ACACCCAGCATGCAGC-1,3
ACACCCGAGAAATCCG-1,3
ACACCCGTAAATCTGT-1,3
ACACCGAGCGCTCTTT-1,3
ACACCTTAAGTAGGGC-1,3
ACACCTTACTACTTGC-1,3
ACACGAGACTCCTTCT-1,3
ACACGGCACTATGCAT-1,1
ACACGGGAACTTAGGG-1,3
ACACGTAGGCCACAAG-1,4
ACACTCCAATGTCACT-1,3
ACACTGATCAAGGTGT-1,5
ACACTGGGACAGTCGT-1,4
ACAGAACTGAGAACAA-1,7
ACAGATTAGGTTAGTG-1,1
ACAGCATAGAGCCAGT-1,1
ACAGCGACATTCTCAT-1,5
ACAGCGCACCCGCAGC-1,1
ACAGGCACGGATCCTT-1,6
ACAGGCTTGCCCGACT-1,4
ACAGGTGGAGGTGAGG-1,6
ACAGGTGTGTTGTTGC-1,6
ACAGTAATACAACTTG-1,6
ACAGTATACCGTGGGA-1,1
ACAGTGCAGCGCATTT-1,3
ACATAATAAGGCGGTG-1,3
ACATCAGCTGGGACGC-1,5
ACATCCCGGCCATACG-1,5
ACATCCTGGTAACTGT-1,3
ACATCGATCGTTTACC-1,4
ACATCGGTCAGCCGCG-1,5
ACATCGTATGCAATGG-1,3
ACATCGTTAACCTAGT-1,1
ACATCTCAACGCGTAA-1,1
ACATGGCGCCAAAGTA-1,3
ACATGGCTCAATTTAG-1,3
ACATTAGTTTATATCC-1,5
ACATTTGAAACCTAAC-1,6
ACCAAACACCCAGCGA-1,1
ACCAAACTAGAAATCC-1,1
ACCAACACCACACACT-1,1
ACCAACCGCACTCCAC-1,5
ACCAACGCTTATTTAT-1,6
ACCAAGAACGCGTGTC-1,3
ACCAAGTCATCGGCAG-1,6
ACCAATATGCAAGTTA-1,5
ACCACAACTCAGAACA-1,1
ACCACAAGTTTCTATC-1,3
ACCACACGGTTGATGG-1,7
ACCACCAATGTAACAA-1,3
ACCACCCTCTCTTCTA-1,1
ACCACGTGCAGCTATA-1,4
ACCACTGTTCAAGAAG-1,3
ACCAGACCATAACAAC-1,6
ACCAGCCCGGTCTTTG-1,1
ACCAGGAGTGTGATCT-1,1
ACCAGTGCCCGGTCAA-1,1
ACCAGTGCGGGAGACG-1,3
ACCATATCCGCAATAA-1,4
ACCATCCGCCAACTAG-1,6
ACCATCGTATATGGTA-1,5
ACCATTAAGGGTGTCA-1,3
ACCCAACGCCCGTGGC-1,3
ACCCACCTACATGCTC-1,3
ACCCATCTTGAGGGTA-1,4
ACCCATTTGTCCCTCT-1,5
ACCCGAGCGAAATTAC-1,7
ACCCGATTGGTTCCGA-1,7
ACCCGGAAACTCCCAG-1,5
ACCCGGATGACGCATC-1,3
ACCCGGTTACACTTCC-1,5
ACCCGTAGTCTAGTTG-1,5
ACCCGTGTCATCAGTA-1,6
ACCCTATAGGACTGAG-1,3
ACCCTATGCCATATCG-1,6
ACCCTCCCGTCAGGGC-1,6
ACCCTCCCTTGCTATT-1,4
ACCCTGGTAACGCCCT-1,1
ACCCTTCATCTGCGAA-1,1
ACCCTTGCCTGGGTCG-1,1
ACCCTTTAGTTCTCCA-1,1
ACCGAAAGGGCCCTGC-1,1
ACCGACACATCTCCCA-1,6
ACCGACTGAGTCCCAC-1,3
ACCGAGTCTCCTTATT-1,6
ACCGATAGGCATAACC-1,4
ACCGATGGTAGCATCG-1,3
ACCGCAATAACTGCCT-1,5
ACCGCGGTGGAAGTCG-1,3
ACCGGGCCTTTGTTGA-1,3
ACCGGTCTGAGTACGG-1,2
ACCGTGACCACGTGGG-1,7
ACCGTTCCCGCTCTGA-1,1
ACCTAAGTACCTTTCA-1,6
ACCTAATCGACTTCCT-1,4
ACCTACAGTATGTGGT-1,3
ACCTACTATAAATCTA-1,7
ACCTCCGCCCTCGCTG-1,4
ACCTCCGTTATTCACC-1,2
ACCTGCGTGTCATGTT-1,6
ACCTTTCCTTTAGAAG-1,1
ACGAAATGGGCGGCAC-1,4
ACGACTCTAGGGCCGA-1,6
ACGACTGGTCATACTC-1,7
ACGAGAACCCATCACG-1,2
ACGAGATATTTGCTTA-1,1
ACGAGGATACCACTCT-1,7
ACGAGTACGGATGCCC-1,1
ACGATACATAGAACTA-1,2
ACGATACCTATCCTGA-1,5
ACGATCATACATAGAG-1,3
ACGATCATCTTGTAAA-1,3
ACGATGCATATGTTAT-1,4
ACGATGGATCCGATGC-1,1
ACGCAAACTAATAGAT-1,7
ACGCAATCACTACAGC-1,1
ACGCATAAATGACATG-1,2
ACGCATACGTTTACTA-1,4
ACGCATTCGTGAGTAC-1,3
ACGCCACTCGAAACAG-1,7
ACGCCAGATGATTTCT-1,1
ACGCCAGTGCGTTTGC-1,6
ACGCCCAGCTGTCGAT-1,1
ACGCCGCTAGACGACC-1,4
ACGCGAAGTCAGACGA-1,5
ACGCGCTACACAGGGT-1,5
ACGCGGGCCAAGGACA-1,3
ACGCGTTTCTTAAGAG-1,5
ACGCTAGTATCAGTGC-1,3
ACGCTAGTGATACACT-1,2
ACGCTGTGAGGCGTAG-1,5
ACGCTTAGTGTCTCTC-1,1
ACGGAACACGAGTGCC-1,6
ACGGAATTTAGCAAAT-1,3
ACGGACTCTCAAAGCG-1,6
ACGGAGCGCAAATTAC-1,1
ACGGATGGTGCGGATA-1,5
ACGGCACTTGCTTGGG-1,5
ACGGCCAACATGGACT-1,5
ACGGCGACGATGGGAA-1,4
ACGGCGGGTTGCCCTG-1,2
ACGGGAGTGTCGGCCC-1,6
ACGGGCGTATGCGACA-1,1
ACGGGTCATGTGACTT-1,3
ACGGTACAGTTCAATG-1,6
ACGTACAGATTTCTCT-1,1
ACGTACTTTGGCACGG-1,7
ACGTAGATTGCTGATG-1,3
ACGTAGGAGAGTCGCT-1,6
ACGTATTACTCCGATC-1,3
ACGTCCTAAACGAGAT-1,1
ACGTCTCGTTCCGGGA-1,6
ACGTGCGCCTCGTGCA-1,2
ACGTGGTCGAATGTGC-1,1
ACGTTAATGTCGAAGA-1,3
ACGTTAGATTTGCCCG-1,5
ACGTTATTGGTCACTC-1,3
ACGTTCCGCGCTCCGT-1,1
ACGTTCGCAATCAATT-1,2
ACGTTCGTTCAGGAAA-1,7
ACGTTCTGTACAAGTC-1,5
ACGTTTAGTTGTGATC-1,1
ACTAAGGACGCACACC-1,2
ACTAATACGTCAGGCG-1,1
ACTACAAAGAGAGGTG-1,7
ACTACCAGCTCTCTGG-1,3
ACTACGCGTTAGAATT-1,6
ACTAGTTGCGATCGTC-1,3
ACTATATGCTGTGTTC-1,1
ACTATCCAGGGCATGG-1,3
ACTATCGCCGGCTAAA-1,3
ACTATCTGCCCGCGTA-1,3
ACTATTCGTCCGTGGT-1,1
ACTATTTCCGGGCCCA-1,7
ACTCAACGAATGTATT-1,2
ACTCAAGTGCAAGGCT-1,5
ACTCAATAAAGGCACG-1,3
ACTCAGACCTGCTTCT-1,2
ACTCCAATATCATCAT-1,7
ACTCCCATTCCTAAAG-1,6
ACTCCCGAATTCGTTT-1,2
ACTCCCGTAGACTAGG-1,1
ACTCCCTAATGCTAAA-1,5
ACTCCCTAGAATAGTA-1,4
ACTCCGGCCGACCACT-1,6
ACTCGATGTATTTCAT-1,3
ACTCGCCGTTCGATAA-1,5
ACTCGCGATCTGACGC-1,1
ACTCGTAACCCGTCCT-1,6
ACTCGTCAGTAATCCC-1,3
ACTCTAAACCTGGGAT-1,5
ACTCTCTGACTTAGGT-1,3
ACTCTCTTATACACGA-1,1
ACTCTGACCTAATAGA-1,6
ACTCTTGTATAGTAAC-1,3
ACTGAAACGCCGTTAG-1,5
ACTGAATGGCGAAAGT-1,4
ACTGATTTAGTGATTC-1,1
ACTGCCCGCCATTCTC-1,7
ACTGCCGTCGTAACTC-1,1
ACTGCGGACACACCGT-1,2
ACTGGCGAACCTGCGT-1,2
ACTGTACGATACACAT-1,3
ACTGTAGCACTTTGGA-1,3
ACTGTATACGCGAGCA-1,3
ACTGTCCAGGATTATA-1,3
ACTGTCTTCTTTAGAA-1,3
ACTGTGCTAGTAGATC-1,3
ACTGTTTAGTGTAGGC-1,1
ACTTACCGGGCGCGCA-1,1
ACTTACGCATCCACGC-1,5
ACTTAGTACGACAAGA-1,3
ACTTATACTTACCCGG-1,3
ACTTATCTGATCTATA-1,1
ACTTATTAGGATCGGT-1,4
ACTTATTTATGTGCCA-1,3
ACTTCAGGCTGATCCC-1,4
ACTTCCATGCGGGACA-1,5
ACTTCCTGTCGTGCGA-1,3
ACTTCGCCATACGCAC-1,3
ACTTGACTCCCTCTTT-1,3
ACTTGCCATATTGTAC-1,1
ACTTGGGACCCGGTGG-1,3
ACTTGTAGTCCCTTCA-1,6
ACTTGTGGATGGAACG-1,3
ACTTTACCCTCATGAA-1,2
ACTTTCCTATAGCTTC-1,3
ACTTTGACTGCATCCT-1,5
AGAAATTATGACTCGC-1,3
AGAACGTGGTACATTC-1,3
AGAACTGTACTTTGTA-1,6
AGAAGAGCGCCGTTCC-1,3
AGAAGGTACACTTCAC-1,7
AGAAGGTTGCCGAATT-1,5
AGAAGGTTGTAGGTCG-1,6
AGAAGTGATTCGTGAT-1,6
AGAATAAATCTTCAGG-1,5
AGAATACAGGCTATCC-1,6
AGAATGCGGGTTCGGA-1,1
AGAATTATGGATTCGA-1,3
AGAATTGTTTGACATA-1,3
AGACAGCTCAGAATCC-1,4
AGACATAGATCCTTCC-1,1
AGACCATGGGATACAA-1,3
AGACCCACCGCTGATC-1,5
AGACCCGCCCTCCTCG-1,3
AGACCGCTCCGCGGTT-1,3
AGACCGGGAAACCCTG-1,5
AGACGAAGTGCCGGTC-1,3
AGACGACGATGCCGCT-1,6
AGACGGGATTGGTATA-1,1
AGACGGGCCGATTTAA-1,1
AGACTAGCCTTCCAGA-1,3
AGACTGTTACCGGGTC-1,7
AGAGAAACACCAGAAA-1,7
AGAGAACCGTCTAGGA-1,2
AGAGAAGGAGTACAAT-1,7
AGAGATCTCTAAAGCG-1,5
AGAGCAGTTATGAGAC-1,4
AGAGCCGCCGAGATTT-1,4
AGAGCGCTTGTAACGG-1,1
AGAGCGGGCTAATCAT-1,2
AGAGCGTACAAGCTCG-1,3
AGAGCTACGAAAGCAT-1,3
AGAGGCTTCGGAAACC-1,3
AGAGGGACAATTGTCC-1,2
AGAGGTATCTCGGTCC-1,1
AGAGTAAACTTCACTA-1,3
AGAGTGAACAGACACC-1,3
AGAGTTAGAGACCGAT-1,1
AGAGTTGCAGGCCTCC-1,2
AGATAACTTCAGGGCC-1,3
AGATACCAATAGAACC-1,5
AGATACCAGCACTTCA-1,1
AGATACCGGTGTTCAC-1,5
AGATACGACTTCATAT-1,3
AGATACTCAAGATCGA-1,4
AGATATAATACGACTA-1,6
AGATCGTGCATAAGAT-1,1
AGATCTCAGGTGTGAT-1,3
AGATGACTCGCCCACG-1,3
AGATGAGGGTTGCGAT-1,1
AGATGATGGAGTCTGG-1,2
AGATGCAAGACGTGCA-1,7
AGATGCTATAACGAGC-1,3
AGATTATAGGACGTTT-1,3
AGATTCAAGCGGGTCG-1,3
AGATTCACAACCGATA-1,7
AGCAAAGGCCGCTAGT-1,6
AGCAACATATCTTATT-1,3
AGCAACCGAAAGTAAT-1,7
AGCACCAGTACTCACG-1,3
AGCACTACCGGCCTGT-1,5
AGCACTACCTCACCAG-1,5
AGCACTTAAGGACGCC-1,4
AGCAGAAGGAGAAAGA-1,6
AGCAGCCAGATGAATA-1,6
AGCAGTCGAAGCATGC-1,6
AGCATATCAATATGCT-1,4
AGCATCATTTCGAAAG-1,7
AGCATCGTCGATAATT-1,3
AGCATTACGAGGCAAG-1,5
AGCCAAGCTTTGTGTC-1,6
AGCCACAGGTTACCCG-1,5
AGCCACTCCCGTGCTT-1,2
AGCCATATAGTATGTG-1,7
AGCCCATACATGTAAG-1,5
AGCCCGCAACAAGCAG-1,7
AGCCCGGCATTAGAGG-1,7
AGCCCGGTAGCCTGTA-1,7
AGCCCTAAGCGAAGTT-1,2
AGCCCTTCTAATCCGA-1,1
AGCCCTTGGACATCCC-1,4
AGCCGCAAATTCAAAT-1,6
AGCCGCTTGATTAGCG-1,3
AGCCGTGGCTAAATGT-1,6
AGCCTAATACCCACGT-1,7
AGCCTTAAAGCGGAAG-1,3
AGCGACAGGAACGGTC-1,6
AGCGACATCCCATTCA-1,2
AGCGACCAACGATATT-1,3
AGCGATGCGCCTAATA-1,5
AGCGCATAATGAATCG-1,6
AGCGCGGGTGCCAATG-1,1
AGCGCTTATGGGCAAG-1,1
AGCGGACACTTCGTAG-1,6
AGCGGCGGTTAGCGGT-1,7
AGCGGGAAGGGTCCAT-1,3
AGCGGGTCTGACACTC-1,6
AGCGGTTGAGATGTAC-1,2
AGCGGTTGCCGCTCTG-1,1
AGCGTACGAGAGCTAG-1,3
AGCGTAGCGCTAGACC-1,1
AGCGTCTGAACCCGCA-1,2
AGCGTGGTATTCTACT-1,4
AGCGTTCCGATTTAAA-1,2
AGCTAACAAGCAATGT-1,7
AGCTAAGTACGCAGGC-1,5
AGCTAGAAGCAGAAGT-1,1
AGCTATTTAATCCAAC-1,1
AGCTCCATATATGTTC-1,4
AGCTCCTTCGCACATC-1,4
AGCTCGTTGATGGAAA-1,1
AGCTCTAGACGTTCCA-1,3
AGCTCTTCCCAGTGCA-1,1
AGCTCTTCGTAACCTT-1,3
AGCTCTTTACTCAGTT-1,5
AGCTGAAGTAAACCAA-1,1
AGCTGCATTTGAGGTG-1,3
AGCTGCTGTGCCGAAT-1,3
AGCTGTAACCTCAATC-1,7
AGCTTATAGAGACCTG-1,1
AGCTTCAATACTTTGA-1,1
AGCTTCTTCTCGAGCA-1,6
AGCTTGATCTTAACTT-1,5
AGGAAAGCCTCTGATG-1,3
AGGAAGCTGTCCGCCG-1,6
AGGACAGTCGAATCCC-1,3
AGGACATCGCACGTCG-1,3
AGGACGACCCATTAGA-1,5
AGGACGCTCGATGTTG-1,1
AGGACTTATAGGAGAA-1,3
AGGAGGCCTTCGCGCG-1,4
AGGATAAAGTCGGGAT-1,5
AGGATATAGGGATTTA-1,3
AGGATATCCGACTGCA-1,6
AGGATCACGCGATCTG-1,6
AGGCAAAGAGGAATCA-1,1
AGGCACGTGACTGTCC-1,4
AGGCAGATGCGTAAAC-1,2
AGGCAGGGAGCGTACT-1,6
AGGCATTGTCGTAGGG-1,3
AGGCCACCCGTTATGA-1,3
AGGCCCAGTGACTGGT-1,3
AGGCCCATTGTACAGG-1,2
AGGCCCTAGAACGCCA-1,6
AGGCCTATCATACCAA-1,7
AGGCCTGAGAATCTCG-1,5
AGGCGGTTTGTCCCGC-1,7
AGGCGTCTATGGACGG-1,1
AGGCTATGGTTAGCTT-1,3
AGGCTTCCCGAAGAAG-1,5
AGGCTTGCTAGACACC-1,4
AGGGAAACGAGGTACT-1,1
AGGGACAGCACGGCGG-1,1
AGGGACCGGCTGCGTT-1,3
AGGGACTCTACGCGAC-1,6
AGGGAGACATACTTCG-1,1
AGGGCAGCGGCGTGGT-1,1
AGGGCGAGCAGCTGAT-1,6
AGGGCGTGATCGGCTA-1,3
AGGGCTGCAGTTACAG-1,3
AGGGTCAGAGCACTCG-1,7
AGGGTCAGTAACCCTA-1,1
AGGGTCGATGCGAACT-1,3
AGGGTGCCGTTCTTTA-1,7
AGGGTGCTCTCGAGGG-1,3
AGGGTGGATAGTGCAT-1,5
AGGGTGTGCTACACGC-1,3
AGGGTTCAGACGGTCC-1,7
AGGGTTCCCTTTGGTT-1,3
AGGGTTTAGTTCGGGA-1,3
AGGTAACCTCCTATTC-1,3
AGGTACGATATTGCCA-1,1
AGGTAGATCGAGATAT-1,7
AGGTAGGTACAAAGCT-1,4
AGGTATAATTGATAGT-1,2
AGGTCAGGTGAGAGTG-1,6
AGGTCGCCACTTCGGT-1,1
AGGTCGCGGAGTTACT-1,1
AGGTGCACGTCCACAT-1,6
AGGTGGTGACCTTCGC-1,7
AGGTGTATCGCCATGA-1,5
AGGTTACACCATGCCG-1,3
AGGTTGAGGCACGCTT-1,3
AGGTTTCACACACCTT-1,4
AGTAACGTTCATCCTG-1,1
AGTAACTATAGCAGCC-1,6
AGTAATCTAAGGGTGG-1,6
AGTAATGTCTTGCCGC-1,2
AGTACAGAAGCTTATA-1,6
AGTACATCATTTATCA-1,1
AGTACCTTCGAGTGCT-1,1
AGTACGGCCCGTATCG-1,5
AGTACGGGCACCTGGC-1,3
AGTACGTGGCCTGTCT-1,1
AGTACTCTTATGCCCA-1,5
AGTAGAAGGCGCCTCA-1,7
AGTAGCGTGAACGAAC-1,1
AGTAGCTAGACGCCGA-1,2
AGTAGGAAGGAAGTTG-1,1
AGTAGGTAACATACAT-1,2
AGTATAATACTAGGCA-1,3
AGTATACACAGCGACA-1,7
AGTATCCATAATAACG-1,2
AGTATGCTGGAGACCA-1,7
AGTATTTGGCACGACC-1,6
AGTCAAATGATGTGAT-1,7
AGTCAACACCACCATC-1,5
AGTCAAGATGACACTT-1,3
AGTCACTAGCTCTCGA-1,4
AGTCACTCCGCCTCAT-1,2
AGTCAGCCACCGCCTG-1,3
AGTCCAGCGGGTACGT-1,2
AGTCCATTGGCTGATG-1,3
AGTCCCGCCTTTAATT-1,1
AGTCGACGGTCTCAAG-1,3
AGTCGGCCCAAACGAC-1,3
AGTCGGCTCAACTTTA-1,6
AGTCGGTTGCGTGAGA-1,3
AGTCGTATAAAGCAGA-1,6
AGTCGTCGACCACCAA-1,5
AGTCGTGGGCATTACG-1,6
AGTCTAAAGTATACTC-1,1
AGTCTCACAAGACTAC-1,6
AGTCTGGACATCCTTG-1,3
AGTCTTCTCCTCAAAT-1,3
AGTCTTTAAAGTGTCC-1,6
AGTGAACAAACTTCTC-1,3
AGTGAAGATGGTGTCC-1,1
AGTGACCTACTTTACG-1,5
AGTGACTGTGACACAA-1,7
AGTGAGACTTCCAGTA-1,3
AGTGAGCCTCGCCGCC-1,2
AGTGAGGGTTTCTGAC-1,1
AGTGAGTCGAATTAAC-1,5
AGTGATAACCTGCGCG-1,5
AGTGATATGAGTAGTT-1,5
AGTGATTCAAGCAGGA-1,3
AGTGCACGCTTAAGAA-1,4
AGTGCGTAGCTCGTAA-1,5
AGTGCTAAACACAGCA-1,5
AGTGCTTGCACGAATA-1,3
AGTGGCCCGCAAATGG-1,6
AGTGGCGGCAATTTGA-1,1
AGTGGCGTCTGAAGGT-1,5
AGTGGCTCCGTCGGCC-1,5
AGTGGTGTTACCCGTG-1,6
AGTGGTTGCGTATAGG-1,5
AGTGTATTGCGCATTG-1,1
AGTGTGCTAAGATCGC-1,3
AGTGTGGTCTATTGTG-1,3
AGTTAAACACTTGCGA-1,5
AGTTAAGCGGTCCCGG-1,1
AGTTAAGTCAACCGCT-1,6
AGTTACCCTTAAGACT-1,4
AGTTACCGCACATGGT-1,4
AGTTACTCTATCGTGG-1,1
AGTTATTGAAAGGTAA-1,1
AGTTCACCGGTTGGAC-1,3
AGTTCCTACAGAATTA-1,3
AGTTCCTATTTATGTT-1,4
AGTTCTGCGTTGTATC-1,3
AGTTGACATCGGCTGG-1,3
AGTTGACGGTCCTTGC-1,6
AGTTGCTGACTGATAT-1,3
AGTTGGCAAGGCTAGA-1,5
AGTTTCGCAGGTCGGA-1,1
AGTTTGCACCTGCCTC-1,5
AGTTTGGCACGGGTTG-1,3
AGTTTGGCCAGACCTA-1,6
ATAAACCATTGGACGG-1,1
ATAAACGGACCCGTAA-1,5
ATAAACGTTGCACCAC-1,4
ATAAAGGCTCGGTCGT-1,3
ATAAAGGTCAAGTACG-1,1
ATAAATATTAGCAGCT-1,5
ATAACGCCGGAGGGTC-1,3
ATAACGGAGTCCAACG-1,3
ATAACGTTACCTCCAC-1,2
ATAAGCAAACACCGAG-1,2
ATAAGGTGGAGAACAT-1,5
ATAAGTACCCGATTGT-1,2
ATAAGTAGGATTCAGA-1,1
ATAAGTAGGGCGACTC-1,3
ATAAGTTACCGCGACG-1,5
ATAATACCGTTAGCCG-1,3
ATAATAGCTGTTGAAT-1,5
ATAATAGTGTAGGGAC-1,3
ATAATCTTGGAGAACC-1,5
ATAATTAGCTAAGTAG-1,6
ATACAGGCCCTCCAAT-1,5
ATACCACGGGCAACTT-1,5
ATACCAGCAAATTGCT-1,1
ATACCAGGCTAATAGA-1,1
ATACCAGGTGAGCGAT-1,1
ATACCGTCATCCATAA-1,1
ATACCTAACCAAGAAA-1,6
ATACGACAGATGGGTA-1,3
ATACGCCGATCTACCG-1,1
ATACGCCGGCGAAACC-1,3
ATACGGAACGTCGTTT-1,7
ATACGGGTTTCGATTG-1,2
ATACGGTGAAGATGCA-1,5
ATACGTACTTAGCCAC-1,5
ATACGTCCACTCCTGT-1,3
ATACGTTATGCACGGA-1,6
ATACTACCCGTACCAC-1,5
ATACTAGCATGACCCT-1,3
ATACTCTCGCCACTCT-1,3
ATACTGCCTTACACCG-1,5
ATACTTGTTCTCGAGC-1,5
ATAGACAACGGGACCT-1,2
ATAGACGAAGAGAAAG-1,3
ATAGAGTACTGGGACA-1,3
ATAGAGTTATCAACTT-1,2
ATAGATTTGCAGTCGG-1,1
ATAGCAACTAGGGAAG-1,5
ATAGCCTCAGTACCCA-1,3
ATAGCTGCTCTTGTTA-1,3
ATAGGAATCTAAGCTT-1,2
ATAGGCGGCTATAGAA-1,5
ATAGGCTAGCTTCGCA-1,1
ATAGGGATATCCTTGA-1,3
ATAGGTTGGGCAGATG-1,3
ATAGTCTTTGACGTGC-1,1
ATAGTGAAGCGTTCTC-1,4
ATAGTTCCACCCACTC-1,3
ATATAAAGCGCTCGTG-1,5
ATATAAATGTAGCTGC-1,5
ATATAACACGGGCGCA-1,5
ATATACGCTCGTGACG-1,5
ATATCAACCTACAGAG-1,3
ATATCGGTAGGGAGAT-1,3
ATATCGTGCCAGACCC-1,1
ATATCGTTCCTCGAAC-1,5
ATATCTCCCTCGTTAA-1,1
ATATCTTAGGGCCTTC-1,3
ATATGGGATAGCAACT-1,7
ATATGTCTAGAGCGTG-1,7
ATATGTCTCCCTAGCC-1,3
ATATGTGCACAAACCA-1,2
ATATTCAGTTAAACCT-1,5
ATATTCCACATAGTGA-1,5
ATATTCCCACAGGTCA-1,1
ATATTGCTGTCAAAGT-1,3
ATATTTAACCCTCAAG-1,3
ATCAAACACTGTTCCA-1,3
ATCAAACGAAGGTTTG-1,6
ATCAAGATCCCAGGAC-1,7
ATCAATCTGGGCTGCA-1,3
ATCACATTAGAATATC-1,1
ATCACGTGCTAATTAA-1,5
ATCACTTCATCCTCGC-1,3
ATCAGACGGCACGCCG-1,5
ATCAGCCTCATGCTGC-1,5
ATCAGCTCGTCCACTA-1,7
ATCAGGTCGCCATTGC-1,1
ATCAGTAGGCAGGGAT-1,2
ATCATAGCCCTATGTA-1,5
ATCATCCAATATTTGT-1,4
ATCATCTGCCCAGTGT-1,1
ATCCAACGCAGTCATA-1,3
ATCCAATGGAGGGTCC-1,5
ATCCAATGGTACCGAA-1,5
ATCCACATCGACAGAA-1,6
ATCCACGCTAAATGTT-1,1
ATCCACTTTCAGACTA-1,2
ATCCAGAGCAACAACC-1,5
ATCCAGGATTCGTGAA-1,5
ATCCCATTTCCGTGGG-1,7
ATCCTACCTAAGCTCT-1,5
ATCCTGAATCGCTGCG-1,5
ATCCTGCGTGGAATGG-1,5
ATCCTGCTGCAGATAG-1,1
ATCGACCCAATACAGA-1,4
ATCGACTCTTTCCGTT-1,3
ATCGCACGATTGTTCA-1,3
ATCGCACGCCGGGAGA-1,3
ATCGCCAGTCAACATT-1,3
ATCGCTGCGTGCAGCA-1,1
ATCGGAGACAGACGGC-1,5
ATCGGCAAGCAGTCCA-1,1
ATCGGTTACCTAGTAA-1,5
ATCGTATTCCGAGAAC-1,5
ATCGTCCAATCGAGTC-1,3
ATCGTTAGCTAGCGGA-1,5
ATCGTTCACTTTCGCC-1,1
ATCTAACGTCCCTATG-1,3
ATCTAATATCCTACGG-1,5
ATCTACCATCTGCTCC-1,6
ATCTAGCTTGTGAGGG-1,6
ATCTCATAAACCTACC-1,3
ATCTCCCACGGAATAT-1,5
ATCTCCCTGCAATCTA-1,1
ATCTCGTGAGCGAAAC-1,3
ATCTGACATGGAAGGA-1,7
ATCTGATAGTGTCTTA-1,3
ATCTGCACCTCTGCGA-1,2
ATCTGCTGTTATCGCC-1,7
ATCTGGGCTGTTCTTG-1,6
ATCTGGTTAAGACTGT-1,3
ATCTGTAATTGTACCC-1,2
ATCTTATCGCACACCC-1,5
ATCTTGACCTGCAACG-1,3
ATCTTGACTTGTCCAA-1,1
ATCTTTCGTATAACCA-1,1
ATGAAGCCAAGGAGCC-1,3
ATGAAGTGGACCCAGC-1,5
ATGACGCCGGCTCTAA-1,2
ATGACGCGTTCTATCC-1,6
ATGACTATCAGCTGTG-1,7
ATGACTATGCGACATT-1,4
ATGAGGAGTGTTAATC-1,3
ATGAGGGCAGCGGCTA-1,3
ATGATCGGGAATAGAC-1,3
ATGATGCAATGGTACA-1,5
ATGCACCTTCCTTAAT-1,4
ATGCACTACCGCATTG-1,3
ATGCATGATCCAGGAT-1,3
ATGCATTCCGTGATGG-1,1
ATGCCAATCGCTCTGC-1,1
ATGCCATTTGCGACCA-1,3
ATGCCGGTCTTGCATA-1,3
ATGCCGGTTGATGGGA-1,1
ATGCGACAATTGGTCC-1,1
ATGCGACAGTCCCATT-1,3
ATGCGAGTCCCACCAC-1,3
ATGCTCAGTGTTGCAT-1,3
ATGCTCTGGCGCGGTA-1,5
ATGCTTAGGAGTTGAT-1,4
ATGGAACAGAATAAAC-1,3
ATGGAGCAGGCCGTGA-1,3
ATGGATCCGGCGTCCG-1,1
ATGGATTGACCAAACG-1,3
ATGGCAGCCGAGAAAC-1,5
ATGGCTGGAAATGGCC-1,1
ATGGGAACGGAAGCGG-1,1
ATGGGACCTGCTGAAC-1,7
ATGGGCCTCGGCCTCT-1,3
ATGGTATTGGGAACCG-1,7
ATGGTCGCGTGGTTTC-1,3
ATGGTGCTCAAAGCCA-1,1
ATGGTTACGAAACATG-1,2
ATGTAAGGCTGCTCTT-1,2
ATGTACATGCGGTGAG-1,5
ATGTACGATGACGTCG-1,6
ATGTAGCGCGCGTAGG-1,6
ATGTCATTTCCCATTG-1,3
ATGTGAAAGCCTAATG-1,6
ATGTGCATCCGACGCA-1,3
ATGTGGACATCTTGAT-1,4
ATGTGTAGTTTAGTCA-1,1
ATGTTACGAGCAATAC-1,3
ATGTTCCTGCCCACCT-1,3
ATGTTCGTCGACCCAC-1,5
ATGTTGATTAGAGACT-1,6
ATGTTGTAGTCTGTTT-1,7
ATGTTTGTAAGATCAT-1,2
ATTAAACATGCGGACC-1,4
ATTAACACCTGAGATA-1,4
ATTAATACTACGCGGG-1,3
ATTAATGAACCAGTCG-1,2
ATTAATTCGGTCACTC-1,1
ATTACAACTACCGGCC-1,1
ATTACATGTCAGTCTT-1,3
ATTACCACACTGCCTG-1,3
ATTACGACTCCACAGT-1,1
ATTACGCGCTGGCAGG-1,5
ATTACTAGCCTCTTGC-1,3
ATTACTTACTGGGCAT-1,1
ATTAGATTCCTCAGCA-1,1
ATTAGATTGATAGCGG-1,3
ATTAGGCGATGCTTTC-1,3
ATTATACTTTGCTCGT-1,1
ATTATAGCTACTTTAC-1,2
ATTATCGGAATGTACG-1,7
ATTATCTCGACAGATC-1,1
ATTATGCCATAGGGAG-1,3
ATTATGCTCAGTATTG-1,3
ATTATTATGTCCGTCA-1,7
ATTATTCAGAGTCACT-1,6
ATTCAACCATTTAAGG-1,5
ATTCACTGATGTTGGA-1,5
ATTCAGATGAATCCCT-1,3
ATTCAGGACCTATTTC-1,1
ATTCAGGATCGCCTCT-1,1
ATTCAGTAGCAGGGTC-1,4
ATTCATATACTGTCCA-1,5
ATTCATCGTTGAGGCA-1,5
ATTCCCACATAAACAA-1,3
ATTCCTAAGACGTGGA-1,1
ATTCCTCCGCCAGTGC-1,3
ATTCCTTCCAGGCGGT-1,3
ATTCGACGCCGGGCCT-1,5
ATTCGCAGAGGACACT-1,1
ATTCGCGCCTTGAGAG-1,5
ATTCGTGCTATCTCTT-1,3
ATTCTCGTCTCTTTAG-1,2
ATTCTGAGTATGAACT-1,1
ATTCTTCGTACTTATG-1,1
ATTGAAGATCTTAGTG-1,3
ATTGACCGGCGATGAC-1,1
ATTGACGTAACTCGGT-1,1
ATTGATAGCAACGAGA-1,3
ATTGATGAGTCCTAAC-1,3
ATTGCCTTTATGTTTG-1,6
ATTGCGATCAGTAACT-1,4
ATTGCTGCTCCTCCAT-1,4
ATTGGATTACAGCGTA-1,4
ATTGGGAATATCTTGG-1,2
ATTGGGAGTTCTGTAA-1,2
ATTGGTAGGATCCGCT-1,5
ATTGGTTGTGCATTAC-1,6
ATTGTACAACTCGGCT-1,3
ATTGTCGCAATACCTT-1,1
ATTGTCTGTTTCATGT-1,7
ATTGTGACTTCGCTGC-1,1
ATTTAACTCGTATTAC-1,2
ATTTACAGTTTACTGG-1,3
ATTTACTAAGTCCATT-1,1
ATTTATACTGGTAAAG-1,7
ATTTCATTATTTCGCG-1,1
ATTTCCGGGTTCTGCG-1,6
ATTTGCCTAGTTACGA-1,1
ATTTGCGCGAGTAGCT-1,6
ATTTGTCTTGGGAGCT-1,3
ATTTGTTCCAGGGCTC-1,2
CAAACCAGGTCTGCAT-1,6
CAAACCCTCCGGCGGG-1,7
CAAACGAGTATCGCAG-1,5
CAAACGGTCGCACTTT-1,3
CAAACGTGGTCTTGCG-1,1
CAAACTACGATAGAGA-1,1
CAAACTATTGAGCTTC-1,1
CAAACTCGCGACGCCG-1,3
CAAAGATTATTGGGCC-1,7
CAAAGGTTAAATTCAG-1,3
CAAAGTCAGGTTAGCT-1,3
CAAATCTCTCACAAGG-1,6
CAAATGCGGAGTGTTC-1,1
CAAATGTCCTTCCGTG-1,5
CAAATTGGATTATGCC-1,1
CAAATTGTCAGCAAGC-1,1
CAACACATCTCCTGCC-1,1
CAACAGAATAACGCTA-1,2
CAACAGTGCCAAACGG-1,1
CAACATGGCCTGATAA-1,3
CAACCAGTGGCCTACC-1,5
CAACCGCACCTAGACA-1,3
CAACCTACCGAGCAGT-1,5
CAACGACCCGTTTACA-1,3
CAACGGTTCTTGATAC-1,3
CAACGTGGTGGAGTCT-1,4
CAACTATATCGAATGC-1,1
CAACTCCAACGTTTAG-1,1
CAACTCCGTAACTTGC-1,1
CAACTCCTTGATCCCG-1,3
CAACTGAGGGTATGAC-1,2
CAACTGCTCATCCGAT-1,6
CAACTTGTAGTGGGCA-1,2
CAAGAAACCCTAAACT-1,3
CAAGAGGGCGGAGTAC-1,4
CAAGATATTATAACGT-1,3
CAAGCAACGTCGGAGT-1,4
CAAGCACCAAATGCCT-1,2
CAAGCGGCACATAATT-1,5
CAAGGATCGCATGTTC-1,3
CAAGGCCAGTGGTGCA-1,5
CAAGGGAGTGTATTTG-1,1
CAAGGTCCTATAGGCT-1,2
CAAGTAAGTGATAGAC-1,7
CAAGTGAACTTTGGTT-1,1
CAAGTGTGGTTGCAAA-1,3
CAATAAACCTTGGCCC-1,3
CAATACGAGAGTCTGA-1,3
CAATACGCTCTGAGGC-1,5
CAATATGTAGATTTAC-1,2
CAATATTCTTGACCTA-1,6
CAATATTGGACTAGTG-1,3
CAATCCATTATCCGTT-1,2
CAATCCCTATACCAGC-1,1
CAATCCTGCCGTGGAG-1,3
CAATGACCCTTAATTT-1,7
CAATGAGGTTCGACTA-1,1
CAATGCGAGAAGTATC-1,5
CAATGGAATCTACATA-1,1
CAATGGATCTCTACCA-1,3
CAATGGTCGGCCTGGG-1,1
CAATGTGCCAACCCTT-1,2
CAATTAAGGGTGATGA-1,3
CAATTTCGTATAAGGG-1,3
CAATTTGACCGGGAAG-1,3
CACAAGAAAGATATTA-1,1
CACAATGAGCTGCTAT-1,5
CACACACGCTAACGAG-1,4
CACACAGCTTGCGCTC-1,3
CACACAGGGATAGATT-1,3
CACACGCGCTGTCTTA-1,3
CACACGTTTCAATGGG-1,1
CACACTTGTATTGCGA-1,2
CACAGCACCCACGGCA-1,3
CACAGCTAGGGAGTGA-1,3
CACAGGGCCATATAGT-1,5
CACAGGGCCGTTGTCA-1,6
CACAGTCCCGCTTCGC-1,5
CACAGTTCGCTTCCCA-1,3
CACATAAGGCGACCGT-1,1
CACATATTAGCAGGAT-1,4
CACATCGTGCACGCGC-1,7
CACATCTCACCGACGA-1,5
CACATGATTCAGCAAC-1,3
CACATGTTTGGACATG-1,3
CACATTCTTTCGATGG-1,1
CACATTTCTTGTCAGA-1,3
CACCACGCCACACAGA-1,6
CACCAGTCAGCATGCA-1,7
CACCATCGGAGGAGAC-1,1
CACCATGATCGCAAAG-1,1
CACCCAAATCTTATGT-1,3
CACCCACACGTCACCC-1,3
CACCCACGAGGCAATT-1,1
CACCCGGTTTGTGACT-1,6
CACCCTAACAAGATCT-1,5
CACCCTTGGTGAGACC-1,7
CACCCTTTCCTCGCTC-1,2
CACCGATACACCGAGC-1,1
CACCGCCAGAAGGTTT-1,3
CACCGCCGACCAGCGA-1,1
CACCGCGTCCACTCTA-1,1
CACCGGAGATATCTCC-1,1
CACCGGGCATCACAAG-1,6
CACCGTATCCCATCCG-1,3
CACCGTTAGGGATCAC-1,6
CACCGTTGCGCGATAT-1,6
CACCTAATAGAGTCGT-1,3
CACCTAATCAGTTTAC-1,2
CACCTCGATGGTGGAC-1,2
CACCTCTACGAGTGTG-1,3
CACCTTGCGAAACTCG-1,2
CACCTTGGCGCCTTTG-1,3
CACGAAAGTTAGTCCC-1,4
CACGACCACAGACTTT-1,2
CACGACGTAATAGTAA-1,2
CACGACTAAAGTTCTG-1,1
CACGATTGGTCGTTAA-1,1
CACGCACAGCGCAGCT-1,3
CACGCAGCGAGGCTTT-1,3
CACGCGGAACTGTTGC-1,3
CACGGCGCGCCAAAGG-1,1
CACGGGATTGAGGGTT-1,5
CACGTCAATCAATGGA-1,5
CACGTCGGCAACCTCT-1,6
CACGTCGGGTTCTAGA-1,3
CACGTCTATGATGTGG-1,1
CACGTTCGTGCTCTAG-1,3
CACGTTTCGTACACAC-1,5
CACTAAAGTTGCCTAT-1,3
CACTACGGGAGCTGCC-1,5
CACTACTCAGTTCTGT-1,1
CACTCAAGAGCTATGG-1,4
CACTCAGCTCTTGAGG-1,1
CACTCCTATGTAAGAT-1,6
CACTCCTCTCGGTCGG-1,1
CACTCGAGCTGAACAA-1,4
CACTCGGTTAGGAGGA-1,5
CACTCTCAAGCATCGA-1,7
CACTCTTCTGCTAGCC-1,5
CACTGACGATTGTGGA-1,7
CACTGTCCAAGTGAGA-1,3
CACTTAATCAGACGGA-1,3
CACTTCGCCACAGGCT-1,3
CACTTCGTCTTATCTC-1,3
CAGAACTTAGCCCTCT-1,4
CAGAATAACACACGGA-1,4
CAGACACCGATCGCTG-1,5
CAGACCTGTAAGTGTT-1,2
CAGACGAACCTGATAC-1,5
CAGAGACGGTCACCCA-1,5
CAGAGCATGAGCTTGC-1,3
CAGAGGCGATGCATGA-1,6
CAGAGTGATTTAACGT-1,1
CAGATAATGGGCGGGT-1,5
CAGATACTAACATAGT-1,3
CAGATCATTTAAAGTC-1,1
CAGATCCTGGTTTGAA-1,7
CAGCAGCCCGTTCCTT-1,3
CAGCAGTCCAGACTAT-1,3
CAGCAGTCTGTGCTGC-1,6
CAGCCCTCACAGGCAG-1,1
CAGCCGGGCCCTCTAT-1,1
CAGCCTCCTGCAGAGG-1,2
CAGCCTCTCCTCAAGA-1,1
CAGCGATTCCCTTCAA-1,6
CAGCGCCAACACGATA-1,5
CAGCTCACTGAGACAT-1,3
CAGCTCGACAAGTTAA-1,2
CAGCTCGTGCTTGTGT-1,3
CAGCTGGCGTAACCGT-1,6
CAGCTTAGTAGGTAGC-1,4
CAGGAAGACTTTATAT-1,1
CAGGATATATCGTTGT-1,4
CAGGATCCGCCCGACC-1,1
CAGGCAGTCTTACCAG-1,6
CAGGCCGTTTGGGTGT-1,4
CAGGCGCACGGTGGTC-1,7
CAGGCGCCATGCTAGG-1,4
CAGGTTTAGTACTACA-1,1
CAGTAACTATTTATTG-1,1
CAGTAATCCCTCCCAG-1,3
CAGTACATTCTCTAAA-1,1
CAGTACCAGTTTACGT-1,6
CAGTAGATGATGTCCG-1,3
CAGTAGCCCACGCGGT-1,2
CAGTAGCGAGGTAGTA-1,2
CAGTCCAACGCCTTCT-1,2
CAGTCGAGGATGCAAT-1,1
CAGTCGGCCTAGATAT-1,6
CAGTCTCTCGGCTAAT-1,2
CAGTCTGTATACTGGG-1,4
CAGTGAATAAATGACT-1,2
CAGTGGTTGCACATGA-1,3
CAGTGTCCGCAGAATG-1,3
CAGTGTCGGCTGGCCC-1,4
CAGTTCAAATTGACAC-1,3
CAGTTCCGCGGGTCGA-1,3
CAGTTCGAGGACCCGA-1,7
CATAACGGACAGTCGT-1,3
CATAAGAAGCTTGGCT-1,5
CATAAGCTCTCCGTCT-1,6
CATAATGAGCGGGCGA-1,1
CATACAAAGCCGAACC-1,3
CATACACGGTTCCCAC-1,6
CATACCCGTACCCAGT-1,5
CATACGAACTAGCTGG-1,7
CATACGGCGTCTGGGC-1,3
CATACGGGTGCATGAT-1,3
CATACTATGTAATTGT-1,4
CATACTTAGGCAATAC-1,3
CATACTTCTTTCTCCG-1,7
CATAGAGGAGATACTA-1,6
CATAGCCGCCCGGGAT-1,4
CATAGCGTTGCCCACC-1,6
CATAGTACATTGAGAG-1,1
CATAGTAGCATAGTAG-1,3
CATAGTCAAATACATA-1,5
CATAGTCCACAAGAAC-1,5
CATATACTACTGATAA-1,1
CATATAGGTACAGTCA-1,5
CATATGTCAGGCTACG-1,6
CATATTATTTGCCCTA-1,1
CATCAAACTGGCGCCC-1,1
CATCAACACCTACTAA-1,3
CATCATCTACCCGGAC-1,1
CATCATTACCCTGAGG-1,4
CATCCCGAGATTCATA-1,5
CATCCGCAGGCCCGAA-1,3
CATCCTCTCAAAGATC-1,4
CATCGAATGGATCTCT-1,2
CATCGCCCGCGGCCAA-1,3
CATCGGACGGGTTAAT-1,4
CATCGTCCGGTTACTA-1,4
CATCTACCCGAGAACG-1,2
CATCTATCCCGTGTCT-1,1
CATCTGCAGGATCATT-1,5
CATCTTACACCACCTC-1,3
CATGAACCGACATTTG-1,3
CATGAACCTCTTATCA-1,1
CATGACTTCGCTGAAT-1,3
CATGAGATGCACTCTC-1,5
CATGATACGGTGAAAC-1,7
CATGATCGCTTTGAGA-1,5
CATGATGCACAATTCT-1,3
CATGATGGAAGTTAGC-1,3
CATGCACGTGTTACTG-1,1
CATGCATGGAGACCCT-1,1
CATGCCAACTCGCAAA-1,6
CATGCGACCAGTTTAA-1,1
CATGCGTTAGACAGAA-1,2
CATGCTGGCTCCAATT-1,1
CATGGAAATGGGACCA-1,1
CATGGATTGTCTTCCG-1,4
CATGGCAGGAAGATCG-1,3
CATGGCTCCCTATGTC-1,5
CATGGGTATGCCTTAT-1,5
CATGGGTCGGGTGTGG-1,1
CATGGTAAGTAGCGTT-1,4
CATGGTCTAGATACCG-1,3
CATGGTTTATTAATCA-1,6
CATGTAAGAGACATTT-1,4
CATGTAGGAGCGCCAA-1,1
CATGTCTCATTTATGG-1,4
CATGTGGGCTCATCAC-1,6
CATTACATAGATTGTG-1,1
CATTACGCAGGAAGGG-1,6
CATTACGTCGGCCCGT-1,2
CATTATAACAGGGTCC-1,1
CATTATCCCATTAACG-1,7
CATTATGCTTGTTGTG-1,3
CATTCACTGACAGCTA-1,1
CATTCAGGTCAGTGCG-1,2
CATTCCCATTCCGTCG-1,1
CATTCCCTAAGTACAA-1,3
CATTGATGAACACGCC-1,1
CATTGCAAAGCATAAT-1,1
CATTGCGAAATGGGCG-1,5
CATTGCGGGTCAATTC-1,1
CATTGTGTGCTAGATC-1,3
CATTTAGCGGACCATG-1,2
CATTTATCGTTCAAGA-1,1
CATTTCTAGCAGACTA-1,3
CATTTGAGTGGTACGT-1,5
CCAAACAGAACCCTCG-1,3
CCAAAGCAGTTGGTTG-1,3
CCAAAGTCCCGCTAAC-1,1
CCAAATAACAAGATTC-1,3
CCAACCTTATGTAACT-1,7
CCAACGATGCACTGAT-1,4
CCAACGCTTGCCAGGG-1,1
CCAAGAAAGTGGGCGA-1,5
CCAAGACTTCTGCGAA-1,3
CCAAGCGTAACTCGTA-1,3
CCAAGCTTGATCTCCT-1,1
CCAAGGAACAGAGAGG-1,3
CCAAGGTTGCCCTTTC-1,6
CCAAGTTTCTACAGAT-1,3
CCAATAGATTTCATCT-1,5
CCAATAGTGCCGTCGA-1,4
CCAATCGGTAGATCGA-1,1
CCAATGTCACAGCAAG-1,4
CCAATTACGGGTCGAG-1,1
CCAATTGAATGTTAAT-1,3
CCACAATGTACGTCTT-1,3
CCACACTGAGATATTA-1,4
CCACAGCTGAAATCAT-1,3
CCACAGTACCCATCCT-1,3
CCACATACTGCACCCA-1,3
CCACCAACTTTACTGT-1,6
CCACCCAAGGAAAGTG-1,3
CCACGAATTTAACCTC-1,3
CCACGAGAAGAGAATC-1,1
CCACGGAGCCATAAGA-1,6
CCACGGTGCCCGGTAG-1,3
CCACTAAACTGAATCG-1,2
CCACTATCCGGGTCAC-1,1
CCACTCAGATCCGCAA-1,6
CCACTGGTGGCTGGTT-1,5
CCACTGTTTGGATTAA-1,4
CCAGAAACTGATGCGA-1,5
CCAGAAAGCAACTCAT-1,6
CCAGAGACAAAGCCGG-1,3
CCAGATAGTTGAGTGA-1,3
CCAGATGTAAATGGGT-1,1
CCAGCCTGGACCAATA-1,3
CCAGCTACGCCTCATA-1,3
CCAGCTCGAACGCATT-1,6
CCAGCTGATGGTACTT-1,5
CCAGCTTCCGCCCGCA-1,4
CCAGGGACGTGGCCTC-1,3
CCAGTAGTCTGATCCA-1,2
CCAGTCAAATCTCTTA-1,6
CCAGTCCATTATTCGA-1,3
CCAGTCTAGACGGCGC-1,2
CCAGTCTTGTCATAGA-1,6
CCAGTTCGGTAACTCA-1,6
CCATAAACAACCCGAC-1,1
CCATACCTTTACTTGT-1,2
CCATACTCGCCTCTCC-1,5
CCATAGGTTGGCGTGG-1,2
CCATAGTCAGTAACCC-1,3
CCATATGGAAACTATA-1,4
CCATATTGGATCATGA-1,3
CCATCATAAGAACAGG-1,3
CCATCCATACCAAGTC-1,3
CCATCGCAGTTAAACT-1,5
CCATCTCACCAGTGAA-1,3
CCATCTTGTTCACAAT-1,2
CCATGCCCTAGATTTC-1,4
CCATGCCTGTTTAGTA-1,3
CCATGCTCTGCAGGAA-1,3
CCATGGCCCTTGTACC-1,5
CCATTAGCGATAATCC-1,3
CCATTCCCTGCCCACA-1,4
CCATTTCTACCTATTA-1,5
CCCAAACATGCTGCTC-1,3
CCCAACATACGTCGCG-1,5
CCCAACCACACTAACA-1,1
CCCAAGAATGCACGGT-1,1
CCCAAGACAGAGTATG-1,1
CCCAAGTCATTACACT-1,6
CCCAATGAGATTTGCA-1,7
CCCAATTTCACAACTT-1,5
CCCAGAGGAGGGCGTA-1,1
CCCAGGAAGAATTCGA-1,7
CCCAGGTCTGAAGGCT-1,3
CCCAGTAAACTTGGGA-1,7
CCCAGTTAAGGCGCCG-1,3
CCCATATAGGTCGATT-1,5
CCCGAAGTTTCGCGAA-1,6
CCCGACCATAGTCCGC-1,2
CCCGAGTTTCTCCGTA-1,3
CCCGCAGCGCGAACTA-1,5
CCCGCAGGGCCCAAAG-1,1
CCCGCCATGCTCCCGT-1,3
CCCGCGCAATGCACCC-1,3
CCCGCTAGAGGGTTAA-1,1
CCCGCTTGCCCTCGTC-1,1
CCCGGGTCGTTCAGGG-1,7
CCCGGTGGAAGAACCT-1,4
CCCGGTGTATCGGAAT-1,7
CCCGTAAGTCTAGGCC-1,5
CCCGTAGCTGGGAAGA-1,6
CCCGTCAGCGTCTGAC-1,3
CCCGTGAGGGCGGTGA-1,6
CCCGTTTCGCAGATGT-1,3
CCCTACCCACACCCAG-1,6
CCCTACTTGAACAATG-1,6
CCCTAGTGTCAGGTGT-1,3
CCCTATGTAGAGCAGA-1,7
CCCTCAAGCTCTTAGT-1,4
CCCTCATTCTGGAATT-1,3
CCCTCCTCGCTCGTAT-1,3
CCCTCGATAATACACA-1,7
CCCTCGGGAGCCTTGT-1,1
CCCTGAAATGAGTTGA-1,3
CCCTGACTAACAAATT-1,5
CCCTGATGTAACTCGT-1,3
CCCTGCCCAATCCGCT-1,5
CCCTGCGCTACGCATA-1,5
CCCTGGTATGGGCGGC-1,1
CCCTGTTGGCAAAGAC-1,3
CCCTTCTCGTACGCGA-1,1
CCCTTTAATGGAGTTC-1,5
CCCTTTGACAGGTCTT-1,5
CCGAAAGTGGTGAGCA-1,3
CCGAACACTGGGCCTC-1,6
CCGAACCTTCCCGGCC-1,5
CCGAAGTATATTGTTC-1,3
CCGACAAACACATGAG-1,3
CCGACAAAGGGAGTGC-1,5
CCGACAATAGGCCGCC-1,4
CCGACGGGCATGAGGT-1,7
CCGACGTAAACACAAC-1,1
CCGACTCGCATAGTCT-1,1
CCGAGAAGTCGCATAA-1,3
CCGAGCTGTGCTTGTC-1,1
CCGAGGGATGTTAGGC-1,1
CCGATCTCAACCTTAT-1,3
CCGATCTTAAGAGGCT-1,2
CCGATTCGAGGGACCC-1,5
CCGATTGGTCAATGAA-1,2
CCGCACAAAGACCAAC-1,3
CCGCACGTGACCTCGG-1,4
CCGCACTTGCAATGAC-1,6
CCGCATGTGGTACGAT-1,5
CCGCCACCACAATCCA-1,1
CCGCCGGTCAACACAC-1,2
CCGCCGTTGAGGATAA-1,3
CCGCCTGCGAATTGGT-1,1
CCGCCTTGCGATGTCG-1,6
CCGCGATTTGGTAGGT-1,5
CCGCGGAATGCGTCAC-1,5
CCGCGGGTACGAAGAA-1,4
CCGCGTAGGTAAGGGC-1,4
CCGCTATCAGCACCAG-1,4
CCGCTCCAGGGCGATC-1,7
CCGCTCTTCCGAACTA-1,5
CCGCTGGTGCCATTCA-1,1
CCGCTTACCTCACTCT-1,5
CCGCTTCGCGGTTAAC-1,1
CCGCTTGCTGACATGG-1,1
CCGGAATGGTTTCAGT-1,3
CCGGAGCGTACTTTCT-1,6
CCGGAGGTCTTATGGT-1,1
CCGGCACGACCGTTTC-1,2
CCGGCGCATATTGGAT-1,2
CCGGCGTGAGACTCTG-1,6
CCGGGACCCGCAGAGA-1,3
CCGGGCGGTCTCGTCA-1,3
CCGGGCTGCTCCATAC-1,3
CCGGGTTCGAGGTTAC-1,5
CCGGTAATGGCTAGTC-1,3
CCGGTTTGTAATTGTG-1,6
CCGTAAGTTGGTCCCA-1,3
CCGTACCCAAGCGCCA-1,3
CCGTAGGAAATCCCTG-1,5
CCGTAGGGTTGTTTAC-1,5
CCGTATCTCGTCGTAG-1,7
CCGTATTAGCGCAGTT-1,1
CCGTGAGGCATTCATG-1,2
CCGTGCCCATGACGGC-1,2
CCGTGGAACGATCCAA-1,1
CCGTGTTAAATTCCAT-1,5
CCGTTACGTTAGAACA-1,1
CCGTTCCGAATCTCGG-1,5
CCTAAACAGGGTCCGT-1,1
CCTAAAGGCTGACGCT-1,1
CCTAAATTAACGGTTC-1,4
CCTAAATTGTATCCTA-1,3
CCTAACCCAAACAAGT-1,4
CCTAACTAAGGCTCTA-1,1
CCTAAGTGTCTAACCG-1,1
CCTACAAGTCCGGAAT-1,1
CCTACAGTTGAGGGAG-1,7
CCTACATTCACAGACG-1,6
CCTACGCGACCTTACA-1,1
CCTACGGCTCAGTCGA-1,3
CCTACTCAACACGATT-1,5
CCTACTGCGGCGGCCA-1,1
CCTACTGCTTACACTT-1,3
CCTAGGCGTAGCGATC-1,3
CCTAGGTAAAGGTAGC-1,7
CCTAGTTAGTCGCATG-1,1
CCTATAATGAGTGCCC-1,5
CCTATACCGTCCTGTC-1,6
CCTATATTTGTCCTGG-1,6
CCTATCTATATCGGAA-1,1
CCTATGAAGTGGTGCC-1,3
CCTATGGCTCCTAGTG-1,7
CCTATGGGTTACCGTC-1,3
CCTATGGTCAAAGCTG-1,6
CCTATGTCCACTCCAC-1,5
CCTCACCAATCTTGAC-1,3
CCTCACCTGAGGGAGC-1,1
CCTCACCTTAGCATCG-1,2
CCTCATGCAGCTACGA-1,3
CCTCCCGACAATCCCT-1,1
CCTCCGACAATTCAAG-1,4
CCTCCTGAGCCCACAT-1,5
CCTCCTGTTGTGTCGT-1,5
CCTCGAAGTGGACGGG-1,1
CCTCGACCCACTGCCT-1,1
CCTCGCCAGCAAATTA-1,2
CCTCGCGCGATATAGG-1,1
CCTCGCGCTGTGCGAT-1,6
CCTCGGACCGGGATAG-1,3
CCTCGGATGCTACCTG-1,5
CCTCGGTTTCCTTGCC-1,7
CCTCGTTACGCCTGTT-1,2
CCTCTAATCTGCCAAG-1,3
CCTCTATCGATTAGCA-1,6
CCTCTCTCCCATCTAG-1,4
CCTCTGGCCTAGACGG-1,1
CCTCTGTACTATTCTA-1,5
CCTGAACGATATATTC-1,3
CCTGAATATTTACATA-1,3
CCTGACAAACTCGCGC-1,4
CCTGACCACCGATGGT-1,4
CCTGACGCAACCTTTA-1,1
CCTGAGAATAAATGCA-1,7
CCTGCCCGTTGTCTAG-1,5
CCTGCGATAGAACTGT-1,3
CCTGCGTTCTACGCTT-1,5
CCTGCTATTTGAGAAG-1,3
CCTGGAAACGTTCTGC-1,3
CCTGGCTAGACCCGCC-1,3
CCTGGTCGAATGTGGG-1,6
CCTGTAAGACATGATA-1,4
CCTGTACTCACGCCCA-1,5
CCTGTCACCCGGGCTC-1,3
CCTGTCCCTCACGTTA-1,2
CCTGTCGCCCGTAAAT-1,3
CCTGTGAAACCGTAAC-1,5
CCTGTGCATAGGAGAC-1,2
CCTGTGCGGATTGTAA-1,2
CCTGTTCAACCTCGGG-1,7
CCTGTTTGAAGACACG-1,5
CCTTAAGTACGCAATT-1,6
CCTTCAGTTAAAGTGA-1,7
CCTTCGTATAGAATCC-1,7
CCTTCTCAGCGTTCCT-1,6
CCTTCTTGATCCAGTG-1,2
CCTTGACCACTTTATT-1,4
CCTTTAAGGGAGCACT-1,6
CCTTTCAATGAAGAAA-1,1
CGAAACATAGATGGCA-1,1
CGAAACGCAATTCATG-1,5
CGAACAGTATGGGCGT-1,4
CGAACATAGTCAGAAA-1,2
CGAACCCGCATGCGTC-1,5
CGAACGCCCAGTGCCG-1,1
CGAACGGCCGGACAAC-1,6
CGAAGACGGTGAGTGC-1,5
CGAAGACTGCCCGGGA-1,1
CGAAGATCAGTTTCAT-1,7
CGAAGCTATAAATTCA-1,1
CGAAGTTGCTCTGTGT-1,4
CGAATCTGCTCGACGC-1,7
CGAATGACGCATAATG-1,6
CGAATTACATGGTGTT-1,2
CGACAATTTGATCTAA-1,3
CGACACCGCTTAAGGA-1,2
CGACACGCTCCGACAG-1,3
CGACACGGATGCCCAC-1,3
CGACAGTTCGCGTTAT-1,4
CGACATGCGATCTTCT-1,1
CGACCCTTAACGCCGG-1,6
CGACGCATCCGTACCT-1,7
CGACTCAGGATGTTAT-1,1
CGACTCGGTACACGGT-1,2
CGACTTTGTATAGCCT-1,2
CGAGACCCTAGAGTGT-1,4
CGAGACTACTGCTGCT-1,6
CGAGAGATGTGAACCT-1,3
CGAGAGCGCGTAGATA-1,6
CGAGAGCTTTCACTAC-1,5
CGAGAGGGTAGCCGCG-1,4
CGAGATGTTGCCTATA-1,1
CGAGATTTCGCTCGGG-1,3
CGAGCACTTCAAGTTT-1,3
CGAGCCGAGCACTCGA-1,3
CGAGCGTTGATCAGCC-1,3
CGAGCTGGGCTTTAGG-1,2
CGAGGAGCTTCCATAT-1,1
CGAGGATCGGGAACGA-1,1
CGAGGCCAGGCATTGG-1,3
CGAGGCTAAATATGGC-1,3
CGAGGGACTGCGGTCG-1,3
CGAGGGTATCCAGGTG-1,6
CGAGTACTAAAGAGGA-1,5
CGAGTGAAGGTACCAG-1,7
CGAGTGCTATAGTTCG-1,3
CGAGTTCTGTCCCACC-1,2
CGAGTTTATCGGACTG-1,3
CGATAACCAATTTGAG-1,3
CGATAATACTCAGGTT-1,3
CGATACCTCGCGGACA-1,4
CGATAGTCGTACTGCA-1,6
CGATATTAGCCGCAGG-1,2
CGATCATTAGAGGCAC-1,1
CGATCCACCATTGTTG-1,7
CGATCCGACCCAGTGC-1,4
CGATCCTCGCAACATA-1,7
CGATCGAGAAGCACCA-1,7
CGATCTGTTGGAGGAC-1,6
CGATGGACCCTACGCC-1,1
CGATTAAATATCTCCT-1,5
CGATTCGCCTGGCTGC-1,5
CGCAAACACGAGTTAC-1,3
CGCAATCGATCATTAG-1,5
CGCAATTACTTTCGGT-1,3
CGCAATTAGGGTAATA-1,3
CGCAATTCTACAATAA-1,3
CGCACATGTCCACTAC-1,3
CGCACGTCTGTTTATG-1,7
CGCACGTGCGCTATCA-1,3
CGCAGAAACATTTGCG-1,1
CGCAGATCTTCACCCG-1,1
CGCAGGCGATCCAAAC-1,4
CGCATCATGGCTTCAG-1,1
CGCATCCATCAGCCAG-1,1
CGCATGCCGAATGCGT-1,6
CGCATGGTGCGATGCT-1,3
CGCATTAGCTAATAGG-1,3
CGCCAAGAAGCCGAGT-1,5
CGCCACAGGTCGCGAT-1,7
CGCCACCCGCATTAAC-1,3
CGCCATCCGATTATGA-1,2
CGCCCAGCACGCCTAG-1,6
CGCCCAGCGTTTCACG-1,5
CGCCCGCTTCCGTACA-1,1
CGCCCTTACATCCACC-1,2
CGCCCTTGAAGGCTGA-1,3
CGCCGACTATTCGCTA-1,5
CGCCGCCCATGCCTGT-1,3
CGCCGCGTTCTGAACG-1,7
CGCCGGTGTCGCAGTA-1,3
CGCCGTTCAGCATAGT-1,5
CGCCTCCCTCCTCTAT-1,4
CGCCTGGCCTACGTAA-1,5
CGCCTTTAGCATGCTC-1,3
CGCGAAGTGGCATACT-1,5
CGCGACACTGCGCAGC-1,4
CGCGACCGCGACAGAT-1,5
CGCGAGAGGGACTTGT-1,1
CGCGAGTCTGCCGGGT-1,7
CGCGCAAATGTCCAGA-1,7
CGCGCAAGGAACTACA-1,2
CGCGCATGTTTGATTG-1,5
CGCGCCCGACTTAATA-1,2
CGCGGCAGTATTACGG-1,3
CGCGGCTCAACTTGAA-1,3
CGCGGGAATTAGGCAG-1,3
CGCGGGAATTCCTTTC-1,6
CGCGGTAAGTCTAGCT-1,1
CGCGGTACGGTATACA-1,5
CGCGGTCACAAACCAA-1,1
CGCGTACATTCTGGAA-1,3
CGCGTCATATTAAACC-1,1
CGCGTGCTATCAACGA-1,1
CGCGTTCATGAAATAC-1,3
CGCTACCGCCCTATGA-1,1
CGCTACGGGACATTTA-1,4
CGCTAGAGACCGCTGC-1,3
CGCTATACCGCCCACT-1,3
CGCTATCGTGGCTTTA-1,3
CGCTATTCAATGTATG-1,3
CGCTATTCTTAGGCTC-1,3
CGCTCGACATAATGAT-1,3
CGCTCTCCGTAGATTA-1,4
CGCTGAGGACGTCCAA-1,1
CGCTGGTGACTACCCT-1,3
CGCTGTGACGCCGCAC-1,3
CGCTGTGTGGATGTTG-1,7
CGCTTAGTATTGATAC-1,7
CGCTTATTCCCGGTCG-1,5
CGCTTCCACTGAAATC-1,3
CGCTTCGGTCTAAGAC-1,5
CGCTTGGACGGATAGA-1,5
CGCTTTCATACCGGTG-1,3
CGCTTTCCGCCAAGGT-1,6
CGCTTTCTTGCATTCG-1,3
CGGAAAGAATCAAACG-1,6
CGGAAAGCAAATGTGC-1,3
CGGAAATTTCACATCC-1,1
CGGAACGTAAACATAG-1,5
CGGACCTTTACGTCCC-1,7
CGGACGTTACTTGAAG-1,6
CGGAGCAATTTAATCG-1,5
CGGAGCATGGCGATCC-1,3
CGGAGCTTATAACACC-1,1
CGGAGTCCTAACCTGG-1,3
CGGAGTTTGAGAGACA-1,4
CGGATAAGCGGACATG-1,3
CGGATCCTCAAGGACT-1,5
CGGCAAACATCGTGCG-1,5
CGGCAATAAGATCGCC-1,4
CGGCACCGTTAGCGCC-1,1
CGGCACTCAAGAAAGT-1,3
CGGCAGGGTCGGGTTG-1,3
CGGCCACGCACAAAGT-1,3
CGGCCAGAGCGACCAT-1,7
CGGCCCAACCTGTAGT-1,1
CGGCCCAGGTATATCC-1,3
CGGCGCCATCAATCCC-1,5
CGGCTCTAAAGCTGCA-1,3
CGGCTCTTCGTCGAAC-1,1
CGGCTGAAGGTTACGC-1,3
CGGCTGCAAGATTAAG-1,1
CGGCTTTGTATGATAA-1,1
CGGGAATATAGTATAC-1,3
CGGGAATTTATGTAAA-1,4
CGGGAGCTTCAGTGTA-1,4
CGGGAGTATACCGCCG-1,3
CGGGATCAATGTAAGA-1,3
CGGGCAGCTAAACCGC-1,3
CGGGCCATAGCCGCAC-1,3
CGGGCCTTCTTTGTAA-1,4
CGGGCGATGGATCACG-1,6
CGGGCTACTTAAATTG-1,3
CGGGTGTACCCATTTA-1,3
CGGGTTCGGCACGTAT-1,2
CGGGTTGTAGCTTTGG-1,2
CGGGTTTGTTAGGGCT-1,4
CGGTACTAGAATCAAA-1,3
CGGTAGAGGTGCAGGT-1,1
CGGTATAGGTATTAGC-1,1
CGGTATGGGCACTCTG-1,7
CGGTCAAGTGGGAACC-1,3
CGGTCCATGAGACTCC-1,1
CGGTCCGTCGCAAGCC-1,7
CGGTCTATCAACCCGT-1,1
CGGTGAAGACTAAAGT-1,5
CGGTGCAGATAGAACG-1,5
CGGTGCGCGTTGGTCC-1,5
CGGTGGGCTCCAGCCT-1,1
CGGTGTACTTGATCCC-1,3
CGGTTATCCAACAGTG-1,2
CGGTTCAAGTAGGTGT-1,1
CGGTTCCGGCTTCTTG-1,3
CGGTTGACCTGGCATA-1,5
CGGTTGAGTATCCTTC-1,7
CGGTTGGGCAGGGTCC-1,7
CGGTTGGGTTCAAGTT-1,1
CGGTTTATGAAGGAAC-1,1
CGTAAACGCTTGAGTG-1,3
CGTAACGGAACGATCA-1,3
CGTAACTTCGACACTT-1,7
CGTAATAATTACGAGT-1,3
CGTACCGAAAGTCTAG-1,3
CGTACCTGATAGGCCT-1,3
CGTAGAGAGTAATTAT-1,6
CGTAGCGAATTGTCAG-1,1
CGTAGCGCCGACGTTG-1,1
CGTATTAAGAGATCTA-1,3
CGTCAAATGGTCGCAG-1,1
CGTCAAGGCTATAAAT-1,5
CGTCAATCTTTAACAT-1,3
CGTCACGTCCATTGGT-1,5
CGTCAGCTATTTACTC-1,3
CGTCAGTGCGCACAAG-1,2
CGTCAGTTTATCGTCT-1,1
CGTCATACCATATCCA-1,3
CGTCCAGATGGCTCCA-1,3
CGTCGCATGTGAGCCA-1,6
CGTCGCGGCGGGATTT-1,3
CGTCGCTTGGTTATAC-1,7
CGTCGGATAGTGTTGA-1,3
CGTCGGGTCTAAGCGC-1,7
CGTCGTCCTTCGCGAA-1,5
CGTCTCTCGCCGAGGC-1,3
CGTCTGGAAGGGCCCG-1,2
CGTCTTGAGTGTGACG-1,1
CGTGAAGTTAATTCAC-1,4
CGTGACATTGGGTCGT-1,1
CGTGACCAGTCCTCTG-1,6
CGTGCACACCACTGTA-1,6
CGTGCAGACTGGGACA-1,3
CGTGCATTGTCGACGC-1,5
CGTGCCCGACATTTGT-1,1
CGTGCCCTCCCGAAGA-1,3
CGTGCTGGCCTAGTCG-1,3
CGTGCTTCTACCTAAA-1,7
CGTGGCCGAATATCTA-1,3
CGTGGTACCCAAAGGC-1,7
CGTGTATGGGAGCTGA-1,5
CGTGTCCCATTCGCGA-1,3
CGTGTCTCGTTACGAC-1,7
CGTGTGTTAAACCCTG-1,1
CGTTAAACTAGTTAGG-1,3
CGTTAATGTCCCGACG-1,5
CGTTAGCTCACAACTG-1,1
CGTTCAAGGAAACGGA-1,7
CGTTCAGACCCGCGAA-1,6
CGTTCATGGTGCGCGT-1,6
CGTTCTTCGCACACCT-1,1
CGTTGAATACCGCGCT-1,5
CGTTGAGCGACCGTCG-1,4
CGTTGAGTAATTGCGT-1,1
CGTTGCCCGCGTGGGA-1,7
CGTTGTAAACGTCAGG-1,3
CGTTGTAAGATTGATT-1,1
CGTTGTCGGCAATTGA-1,6
CGTTGTTTCAATTCCC-1,4
CGTTTAAGCGGAGCAC-1,1
CGTTTACAAGGCAGCT-1,1
CGTTTCACTTCGGGCG-1,1
CGTTTCGCTCATTACA-1,4
CGTTTGTGTAGAGGGT-1,6
CTAAACGGGTGTAATC-1,1
CTAAAGAATGCCTACT-1,4
CTAAAGGGAAATAGGA-1,4
CTAAAGTCCGAAGCTA-1,2
CTAAATCCGGTGTACA-1,7
CTAAATCCTATTCCGG-1,2
CTAACCGCGCGCCCGT-1,5
CTAACGAAACTTGCTG-1,2
CTAACTGATAATCGCC-1,5
CTAACTGGTCCGGTTC-1,6
CTAAGGGAATGATTGG-1,4
CTAAGTACAGGGCTAC-1,1
CTAATTATGAAGCGTA-1,2
CTAATTCGCACGCGCT-1,3
CTAATTCTCAGATATT-1,1
CTAATTTCAACAACAC-1,3
CTACAAGAAATAACCC-1,7
CTACACTAGCTTGTTC-1,1
CTACACTCGCAGATGG-1,4
CTACCCTAAGGTCATA-1,3
CTACGAACTAGGTCGA-1,1
CTACGACTAGCTATAA-1,5
CTACGCACGGAGTACC-1,3
CTACGCCATTTCCGAT-1,1
CTACGTGTTGCCACCA-1,2
CTACTATCATAGGTTT-1,7
CTACTATCTTTCAGAG-1,2
CTACTCAAGGTATAGT-1,7
CTACTCTAGGCCCGGC-1,4
CTACTGCCACCTGACC-1,3
CTAGACATATATGTAG-1,2
CTAGACTGCATTTCGT-1,1
CTAGATAAACTCCTCG-1,3
CTAGATGTGAGTGTAA-1,2
CTAGATTTACGACGGC-1,3
CTAGCAACTAATTTAC-1,1
CTAGCATAGTATAATG-1,3
CTAGCCACAGGCGAGC-1,4
CTAGCCGATGTTATGA-1,1
CTAGCGCCAATCCTAC-1,3
CTAGGCGCCCTATCAG-1,4
CTAGGCGGCAGAGAAT-1,1
CTAGGGATAGGGACAA-1,7
CTAGGTCTGAAGGAAT-1,3
CTAGGTTCGGACGTGA-1,5
CTAGTAGAAAGGGATT-1,6
CTAGTATTCGGAATTA-1,1
CTAGTCACGTCTTAAG-1,3
CTAGTGAAGGACAGGA-1,4
CTAGTTACAACCCGGT-1,5
CTAGTTGGGCCCGGTA-1,3
CTATAAGAGCCAATCG-1,1
CTATAGGCGTTGATGT-1,7
CTATATCCAGCCTGGC-1,7
CTATCACAACGCTGGA-1,6
CTATCGACGAAATACA-1,4
CTATCGCGTAGAGAAC-1,4
CTATCGGGTCTCAACA-1,3
CTATGCCCGAATGCAA-1,6
CTATGGGAAGCGGAAT-1,4
CTATGTCACTAGCCCA-1,3
CTATGTCTATTGAAAC-1,1
CTATGTGAGTCACGGC-1,6
CTATTCATGTGTCCCA-1,5
CTATTGTGTTTGGTCA-1,1
CTATTTGCTTGGAGGA-1,7
CTATTTGGTTACGGAT-1,3
CTCAAACCACTGCCCG-1,7
CTCAACTAACCCGGAT-1,5
CTCAAGACATTAGCGC-1,1
CTCACACGCAAGCCTA-1,1
CTCACATTTACTAAAT-1,6
CTCACCAGTACAAGTG-1,5
CTCACCGATCCAAACT-1,2
CTCACTGTGATACTTA-1,6
CTCACTTGGCTGGTAA-1,5
CTCAGAGCTAATGTCG-1,7
CTCAGATTGTGATAAG-1,6
CTCAGCAGACTGCCGA-1,3
CTCAGGACTCACCTGT-1,3
CTCAGTCACGACAAAT-1,1
CTCATGGCTCACAATC-1,1
CTCATGGTAATTTGCG-1,6
CTCATTCGTGAACATC-1,5
CTCATTGCTCTAACAA-1,5
CTCATTTGATGGGCGG-1,3
CTCCCAATGAGTCGCG-1,3
CTCCCTCCTTTCGATC-1,6
CTCCGAGTAAATCCGC-1,3
CTCCGCCCACATGAGG-1,5
CTCCGGCCTAATATGC-1,3
CTCCGGCTTGTAGACA-1,3
CTCCTAAGTTATGTCT-1,3
CTCCTCCAGCTCACAC-1,7
CTCCTGTTCAAGGCAG-1,3
CTCCTTTACGCAAGTC-1,1
CTCGAATGGAACGTAT-1,1
CTCGAGATCCAAAGCA-1,3
CTCGAGGTCGAACAGT-1,3
CTCGATATTTGCGAGC-1,1
CTCGCACCTATATAGT-1,3
CTCGCCGAATGTAGGG-1,6
CTCGCTAGGTAAGCGA-1,6
CTCGGGCATCGTCGGG-1,1
CTCGGGTTCTCTGGCC-1,7
CTCGGTACCACTGCTC-1,3
CTCGGTCCGTAGCCTG-1,3
CTCGGTTGTCGGCCCT-1,7
CTCGTCTGTGCCTTCG-1,6
CTCGTTACGGCTACCA-1,7
CTCGTTTCTAATGTTT-1,1
CTCTAATGCATTGATC-1,1
CTCTACACTGGCGATT-1,6
CTCTACATCCTGCGTG-1,7
CTCTAGCCCTCGGAAA-1,6
CTCTATTTGGCTGCAG-1,4
CTCTCACAATCGATGA-1,3
CTCTCGATGTGCGCCT-1,1
CTCTCGCTGTACTATG-1,4
CTCTCTAACTGCCTAG-1,7
CTCTGCGAAGCAAGCA-1,2
CTCTGGACGCCTGGTG-1,3
CTCTGTCCATGCACCA-1,6
CTCTGTGCCTGCTATG-1,1
CTCTGTTTGAGGATTC-1,1
CTCTTCTATTGACTGG-1,3
CTCTTCTGGAAGTTAG-1,7
CTCTTGTCCCGCTTGG-1,5
CTGAAACGGCCCTCAG-1,3
CTGAAAGAGATCCGAC-1,2
CTGAATCCGAGACCTC-1,5
CTGAATTTATTGCCAG-1,1
CTGACTGCGCAGCTCG-1,2
CTGAGAAAGTTCGGCG-1,3
CTGAGCAAGTAACAAG-1,3
CTGATAGTGTATCTCA-1,5
CTGCAAATGGGCTCCA-1,1
CTGCAAGCACGTTCCG-1,5
CTGCACAACTACATAT-1,4
CTGCACCTAGTCCACA-1,1
CTGCACCTGGAACCGC-1,3
CTGCACTCCAGTACAG-1,5
CTGCAGAGAATCAGAG-1,5
CTGCCAAGGTTGGAAG-1,2
CTGCCATGCATCACAT-1,4
CTGCCCACGAAGCGTT-1,5
CTGCCTAGCCACCAAG-1,1
CTGCCTCATATGCAAC-1,1
CTGCCTTTAATACCTT-1,7
CTGCCTTTCTAGTAAA-1,5
CTGCGACCTCGCCGAA-1,6
CTGCGATTTCGAGATT-1,7
CTGCGGGTGAAATGTT-1,4
CTGCGGTAGTCACGTG-1,1
CTGCGTTACGATATAA-1,1
CTGCTCTGACGGCAAA-1,7
CTGCTGAGGCCACGAA-1,6
CTGCTTGGCGATAGCT-1,5
CTGCTTTATGTCCGCG-1,1
CTGGAAATGGATGCTT-1,3
CTGGAAGACACGGTGG-1,4
CTGGACGCAGTCCGGC-1,7
CTGGATTTACACTTGA-1,5
CTGGCATCCGAATGAG-1,6
CTGGCGACATAAGTCC-1,1
CTGGCGCACAGGTCTG-1,3
CTGGCGGGAATAAGTA-1,3
CTGGCTCCTGCGGGAT-1,3
CTGGCTGATTCATCCT-1,3
CTGGCTGCTAACGTAA-1,2
CTGGCTGGTTGTCAGT-1,5
CTGGGATAAATAATGG-1,3
CTGGGATACGCTACCC-1,2
CTGGGATCGCCCAGAT-1,1
CTGGGCACTAGTCGGA-1,2
CTGGGCCTGCTATATC-1,5
CTGGGCGGCCAAATGT-1,1
CTGGGCTATCCTTTGG-1,2
CTGGGTAGGCAGTTAA-1,3
CTGGTAAAGACTTACA-1,6
CTGGTAAAGTGTGGGC-1,5
CTGGTAACACATAGAA-1,3
CTGGTAACGAGCTCTT-1,2
CTGGTCATTCCAATCC-1,4
CTGGTCCTAACTTGGC-1,1
CTGGTTCAACGCATCA-1,2
CTGGTTTCGAGCAAGA-1,3
CTGTACTTCTTAGCAT-1,4
CTGTAGCCATCTCACT-1,6
CTGTAGTGAGGATCGA-1,7
CTGTATGGTGTAGAAA-1,3
CTGTCAAATGGCTCGG-1,2
CTGTCACGCCAGGCGC-1,1
CTGTGCAGGGTAGGTC-1,4
CTGTGGTCGGGAGATA-1,4
CTGTTACCCAATCTAG-1,5
CTGTTCACTGCCTGTG-1,3
CTGTTCATCTCACGGG-1,3
CTGTTGGCTCTTCTGA-1,4
CTTAAATAAGACCCAT-1,4
CTTAACTTCGAAGTAC-1,1
CTTACACGGTATTCCA-1,3
CTTACACTGGGAAATA-1,3
CTTACATAGATTTCTT-1,6
CTTAGATGTTTCATCC-1,7
CTTAGCCCGGATAGTG-1,5
CTTAGCCTTCCACATG-1,2
CTTAGTAGGCCTACAG-1,2
CTTAGTGTAGTAGCAT-1,5
CTTAGTTGAGGAATCG-1,7
CTTATGCGCTCAGGGC-1,6
CTTATGTTGACTACCA-1,3
CTTCAACTCCACTTGG-1,5
CTTCAGTGGTCGCCTA-1,7
CTTCAGTTGGACAACG-1,6
CTTCATAGCTCAAGAA-1,3
CTTCATCACCAGGGCT-1,6
CTTCATTGTCAGTGGA-1,3
CTTCCGCTCCGTGAAG-1,6
CTTCCTGCATATTTAC-1,2
CTTCGATTGCGCAAGC-1,6
CTTCGGCCAATTGTTT-1,3
CTTCGTAGATAGGTGA-1,4
CTTCGTGCCCGCATCG-1,1
CTTCTATGTTGAAGTA-1,6
CTTCTATTAATGCTAG-1,5
CTTCTGGGCGTACCTA-1,7
CTTCTTACGTCGTATA-1,2
CTTGACCCGAAAGATA-1,1
CTTGAGGTTATCCCGA-1,3
CTTGAGTTAGGGTAAT-1,3
CTTGATGACCATCCAG-1,6
CTTGCAACCGCCTCCT-1,5
CTTGCCCACCCACGCA-1,6
CTTGCCCAGGCTCTAC-1,5
CTTGGCCAAGCTGGGA-1,6
CTTGTACTTGTTGACT-1,3
CTTGTCAACATTCGAG-1,5
CTTGTCGTACGTGTCA-1,1
CTTGTGAGGACAGCGG-1,3
CTTGTGAGTCTTTGAC-1,3
CTTGTGCTCACCGATT-1,1
CTTGTTGCTGAGTCAA-1,3
CTTGTTTATGTAGCCA-1,3
CTTTAACTTTCAAAGG-1,3
CTTTAATATTGGTCGA-1,5
CTTTACCGAATAGTAG-1,4
CTTTAGGAACACTGTT-1,3
CTTTAGTGCTATTATT-1,4
CTTTCTGTGCGGGCTT-1,5
CTTTGAAACATATTCC-1,2
CTTTGCATCGCTCTTG-1,5
CTTTGGCAGACAGAGT-1,2
CTTTGGCGCTTTATAC-1,5
CTTTGGCTTTAGTAAA-1,4
CTTTGGGATTGTTGCA-1,7
GAAACAGATGACCACC-1,3
GAAACAGCCATGCAGT-1,1
GAAACATAGGAAACAG-1,7
GAAACCATGGTGCGCT-1,1
GAAACCGAATTACCTT-1,5
GAAACCTATACAAATG-1,6
GAAACTCGTGCGATGC-1,4
GAAACTCTAATGAAGG-1,1
GAAAGAACAGCGTTAT-1,3
GAAAGCAGTGCACTTT-1,6
GAAAGCCCTTTGGACC-1,5
GAAAGTGACTAACTGC-1,3
GAAATACCTGCTGGCT-1,1
GAAATACTAAACGTTT-1,3
GAAATATCACCATCAG-1,5
GAAATATGCTTGAATG-1,1
GAAATCGCGCGCAACT-1,2
GAAATCTGACCAAGTT-1,4
GAAATGGCGGTGTTAG-1,3
GAAATGGGATGTAAAC-1,3
GAAATTAGCACGGATA-1,1
GAAATTCACATCGCTG-1,3
GAAATTGTCTCTATAA-1,5
GAACAACTGGGATGAA-1,6
GAACACACATCAACCA-1,3
GAACAGATTACTAAAT-1,5
GAACATTAGTATGTTA-1,1
GAACCATCTGGGAGAC-1,1
GAACCCTCTGTGTTCT-1,6
GAACCTCGACCTACAC-1,6
GAACCTTTAACGATCC-1,6
GAACGACCGAATGATA-1,3
GAACGCGGGTCACACG-1,3
GAACGGTGTAAAGCAG-1,2
GAACGTCTCATGGTCG-1,3
GAACGTTAGGAAGACG-1,5
GAACTGTGGAGAGACA-1,6
GAACTTAGCGCCCGGT-1,2
GAACTTGTGCACGGGA-1,1
GAAGAAACGATATTGT-1,7
GAAGAACGGTGCAGGT-1,3
GAAGACTTCAATGCCG-1,1
GAAGCAAGGCAATGTT-1,1
GAAGCCACTGATTATG-1,6
GAAGCCGGGTAAGCTC-1,4
GAAGCCTGCACATTCC-1,6
GAAGCGTGAGGAATTT-1,3
GAAGCTCGGACCCGTC-1,7
GAAGCTCTTTGCTTAG-1,3
GAAGCTTGCTGACCGC-1,3
GAAGGACTAAATTGAA-1,2
GAAGGAGTCGAGTGCG-1,7
GAAGGCTACCATTGTT-1,1
GAAGGGCATAACCATG-1,3
GAAGGGTCATTAAGAC-1,6
GAAGTCAGTTGCACTA-1,5
GAAGTCTCCCTAGCGA-1,3
GAAGTGATTTATCGTG-1,4
GAAGTGCTGGATAGCT-1,2
GAAGTTTCCACTCAAT-1,4
GAATAGACGCGACCCA-1,3
GAATAGCATTTAGGGT-1,3
GAATAGCCCTGCGGTC-1,1
GAATAGTGCTCGATTA-1,7
GAATATTCGGAGTCCC-1,1
GAATCGACATGGTCAC-1,3
GAATCGCCGGACACGG-1,3
GAATCTATACTCGGAC-1,1
GAATCTGAACATTCTC-1,4
GAATGAAGGTCTTCAG-1,1
GAATGCCGAAATGACC-1,3
GAATGCGAATCGGTTC-1,6
GAATGGGCTTATCGAC-1,6
GAATGTATGGCAGGTC-1,1
GAATGTGGTCCGGATT-1,3
GAATGTTGGGTAATCT-1,3
GAATTATAGTGAAAGG-1,3
GAATTATGCAACCTAC-1,3
GAATTCACCCGGGTGT-1,5
GAATTTCTCGCTGCAG-1,3
GACAAACATATGCAGG-1,3
GACAACGACCATTGAA-1,3
GACAACGCAGCTTACG-1,3
GACAAGAGATGAGATT-1,4
GACACAAGGGAAGAAA-1,3
GACACAGCCGGGACTG-1,6
GACACGAGTTAGAGGA-1,3
GACACTGAGTTCAGTG-1,5
GACACTGGAACCCGAT-1,3
GACACTTCCAATTACC-1,6
GACAGATTTCTGGCTC-1,6
GACAGCCAGACCTGAC-1,3
GACAGGCACACACTAT-1,5
GACATACTGTCGCAGA-1,4
GACATCCGTCGAACTG-1,6
GACATCGATTTATAAC-1,5
GACCAAACGTTGACTG-1,4
GACCACACTTCCCTTT-1,6
GACCAGAGCCCTGTAG-1,3
GACCAGGTCATTCATA-1,1
GACCCAATTATGATAC-1,7
GACCCGTCGCCGGCTA-1,1
GACCGACGTGAAAGCA-1,3
GACCGACTGAAGCGTC-1,5
GACCGCGTCTGACGTG-1,3
GACCGTCAGGTCGTGA-1,1
GACCGTGCTGACGGTG-1,4
GACCGTTACATGCGAC-1,5
GACCTTCCACGTCTAC-1,6
GACGACGATCCGCGTT-1,5
GACGAGGCTAATAAAC-1,4
GACGCCGTAAAGGCTA-1,5
GACGCCTGTTGCAGGG-1,3
GACGCTTGCTTCTAAA-1,5
GACGGACCGCGTTCCT-1,1
GACGGGATGTCTTATG-1,1
GACGGGTTGGCCCGTA-1,6
GACGGTCAATAGAAGC-1,2
GACGGTCCTAGGGTGT-1,1
GACGTGAGACTCCATG-1,3
GACGTGTAGGGATTAT-1,3
GACGTTCGTAAATACA-1,1
GACTAACACAGCACCT-1,1
GACTAAGATCATGCAC-1,3
GACTAAGTAGGCTCAC-1,3
GACTACAAAGCGGTGG-1,6
GACTACAATTGCTCGT-1,1
GACTAGGCCGTTAGGT-1,6
GACTCACCCACGTGAG-1,3
GACTCCCAGAATAAGG-1,1
GACTCGCGGGAATGAC-1,2
GACTCGGTCGGCGGAT-1,1
GACTGATTGGTCACAA-1,1
GACTGCAAATCGAGCT-1,5
GACTGCACCAGCCCAG-1,4
GACTGCGGCACGTGTA-1,4
GACTGCTGGTGAGAAA-1,7
GACTGGGCGCCGCAAC-1,1
GACTTCAACGCATCAA-1,6
GAGAACGGTTCTGACT-1,5
GAGAATCTCACGATCA-1,5
GAGACCCTGCAACGCC-1,1
GAGACTGATGGGTAGA-1,3
GAGACTTCGCGACCGA-1,5
GAGAGCGCAGTCCCTG-1,5
GAGAGGCCTATGTGTA-1,5
GAGAGGGCGCGAGGTT-1,4
GAGAGGTGCATTCTGG-1,5
GAGATCTGCTTGGCAT-1,4
GAGATCTGTCACTCCG-1,3
GAGATCTTCCATGACA-1,4
GAGATGGCTTTAATCA-1,6
GAGATGGGAGTCGACA-1,5
GAGCACCTGTGTCCAG-1,5
GAGCATCAACAACTTG-1,7
GAGCATCATCCCTGGG-1,3
GAGCCACGGTAGTAGG-1,2
GAGCCAGCTACCTGTG-1,4
GAGCCGAGCGTTTATT-1,1
GAGCGAGGGAGTACCG-1,2
GAGCGCAAATACTCCG-1,3
GAGCGCGCACGAGTAG-1,4
GAGCGCTATGTCAGGC-1,1
GAGCGCTGTTAGGTAA-1,7
GAGCGGAATGCGGTGT-1,7
GAGCTAAGGGCATATC-1,3
GAGCTCAACATGAGCG-1,7
GAGCTCTCGGACCTAA-1,3
GAGCTGTCGTCTCGGA-1,1
GAGGAATATCTCTTTG-1,7
GAGGAATGGAGAGGTT-1,3
GAGGAGATCCTCATGC-1,3
GAGGAGTAATTCCTAC-1,1
GAGGATAAACAGTGCT-1,3
GAGGCATTTGCAGCAG-1,1
GAGGCCCGACTCCGCA-1,7
GAGGCCTGTTGATACA-1,5
GAGGCTATCAAAGTCG-1,5
GAGGGAGTCAGATCGC-1,7
GAGGGCATCGCGTATC-1,3
GAGGGCCATAATATTA-1,1
GAGGGCCGGCAGAGTC-1,3
GAGGGCGCAGCTCTGC-1,2
GAGGGTAGTAACAAAG-1,7
GAGGTACATCCATCTT-1,1
GAGGTACGCGTGTCCC-1,6
GAGGTCCCAAAGATCT-1,3
GAGGTCTTAGTGGGTC-1,1
GAGTAAACCGGAAAGT-1,3
GAGTAAGGCCACGGGA-1,6
GAGTACGGGTATACAA-1,3
GAGTAGATACTAGTTG-1,6
GAGTATACCCTAATCA-1,7
GAGTATGCCCGCCTTG-1,5
GAGTATGCGCGTGCAT-1,6
GAGTCAGACCAGAATC-1,6
GAGTCCGCTTACCGGA-1,5
GAGTCGACAGACCCTC-1,5
GAGTGCACGGACAACA-1,1
GAGTGTCAACCAGAAA-1,5
GAGTGTGCGGTACCCA-1,3
GAGTTGATGGCAATTT-1,7
GATAAATCGGTGGATG-1,3
GATAACTCGCACTGTG-1,3
GATAAGGCAGATGCAA-1,3
GATACGATGGGAGTCA-1,5
GATAGAACCCGCTAGG-1,7
GATAGCGTACCACGCG-1,3
GATAGGATTAATTACA-1,1
GATAGGTAACGTTGAC-1,5
GATAGTGCGAGTAAGT-1,7
GATATCAGTATGTATC-1,3
GATATCTCATGCAATA-1,1
GATATGAGACACTAAC-1,3
GATATGCGGTAGCCAA-1,1
GATATGGATTACGCGG-1,4
GATATTGAGATTGGCG-1,3
GATATTTCCTACATGG-1,1
GATCAACATAAAGGGA-1,7
GATCATTCCAAACATT-1,3
GATCCCTTTATACTGC-1,3
GATCCGGGAATTAACA-1,3
GATCCTAAATCGGGAC-1,2
GATCCTCGACACTGGC-1,6
GATCCTCTTGCGCTTA-1,1
GATCGACACTATCTGA-1,3
GATCGCGGGCTCTCCA-1,4
GATCGCTACCCGATTT-1,3
GATCGCTATATCTCAG-1,7
GATCGGATAGAACCAT-1,5
GATCGGCGATAAGTCG-1,3
GATCGGTGGCCATAAC-1,3
GATCGTGACTGATATC-1,3
GATCTCGACGCTGTGG-1,3
GATCTGCTATCTAAGG-1,6
GATCTTAGTGAACGTG-1,3
GATCTTCATTGTCCTC-1,3
GATCTTGGAGGGCATA-1,4
GATCTTTGCAGGGTAT-1,4
GATCTTTGCTCAAAGA-1,1
GATGACAAGTAGGGCA-1,7
GATGACGATGATCGCG-1,1
GATGAGGAACCTTCGG-1,6
GATGATTTGAAACTGG-1,1
GATGCCACACTACAGC-1,1
GATGCCAGCAGAAGGC-1,3
GATGCGAATGGTATTA-1,4
GATGCGTCCTGCATTC-1,3
GATGCTACAAGCGCCT-1,3
GATGCTACCTTCGATG-1,7
GATGCTGTATTTCATC-1,3
GATGGCGCACACATTA-1,3
GATGGTGAAATAACCC-1,3
GATGGTGCCCTAGGCA-1,1
GATGTAACGAACCACC-1,7
GATGTCCGGATCACAT-1,2
GATGTCGGTCAACTGC-1,1
GATGTGTTGTCACAAG-1,1
GATGTTCAATCCACGA-1,5
GATGTTTGTGCGAGAT-1,3
GATTAACCGAAAGCCC-1,4
GATTAATCCTGGCTCA-1,2
GATTACTGAATTTGGG-1,5
GATTATCTTGCATTAT-1,6
GATTCCCTTGTCGCAG-1,3
GATTCCGCGTTTCCGT-1,1
GATTCCTATACGGCGC-1,3
GATTCGACGGTTCACG-1,3
GATTCTGTTAATGAGT-1,7
GATTGACACTCTGCTC-1,1
GATTGCTCCAGTTGCA-1,7
GATTGGGAAAGGTTGT-1,6
GATTTAGTGCGTACTG-1,1
GCAAACCCTACATTAT-1,4
GCAAACCTTGGCCATA-1,5
GCAAACGTCGCCAGGT-1,3
GCAAATATTACGCTTT-1,4
GCAAATGAGGACACTT-1,6
GCAACACACTAGAACT-1,6
GCAACAGCAGTATGCG-1,3
GCAACCACCAGACCGG-1,1
GCAACCACGGCCGCGT-1,5
GCAACCCAAGTTGTTT-1,5
GCAACGGCTAGTTATG-1,3
GCAAGAATTCCTTGGC-1,5
GCAAGATGTGTTCGCG-1,1
GCAAGTGCACAGAGAA-1,3
GCAAGTGTAAAGCATG-1,7
GCACAAACGAGGCGTG-1,3
GCACAAGTGGATCATA-1,3
GCACAAGTGTCGGAAG-1,1
GCACACACTGGTAGCC-1,5
GCACACAGCTATTACC-1,7
GCACACGCCCATGGTC-1,5
GCACAGCACGGGCCGA-1,7
GCACCTAGGCGAGTCC-1,6
GCACGCCGATTCCCGC-1,6
GCACGCCTACTTAGAT-1,6
GCACGTGGTTTACTTA-1,5
GCACTAGTCGCGCTAT-1,3
GCACTCCCACAGTCCC-1,1
GCACTGCCTACCTTTA-1,6
GCACTGTGCAAATGTA-1,3
GCAGAAACGTAATCCA-1,2
GCAGACCCAGCACGTA-1,3
GCAGATCCATAAGACT-1,4
GCAGATCCTCGCAAAT-1,4
GCAGATTAGGGATATC-1,3
GCAGCACACAGCCCAG-1,4
GCAGCCTATATCACAT-1,2
GCAGCGGTGGGCATTA-1,2
GCAGCTATGGACAGGT-1,1
GCAGCTGTCAACGCAT-1,6
GCAGGAACTTAGATCT-1,7
GCAGGACTATAGAATA-1,4
GCAGGTAGAGTATGGT-1,1
GCAGTGTGGCTATAGG-1,5
GCAGTTCGATCCGAGC-1,4
GCATAAATTGAACGCC-1,3
GCATACGAGGTCTTTA-1,5
GCATAGAGCACTCAGG-1,3
GCATCCCTAACTTTGA-1,3
GCATCGGCCGTGTAGG-1,3
GCATGAGGGACGCGGC-1,3
GCATGCTAATAACGAT-1,6
GCATGGGTACTGACGC-1,6
GCATTCAAGGCAACGC-1,1
GCATTCGAAATGAACA-1,4
GCATTGTAATTCATAT-1,5
GCATTTCCAAGGCTCC-1,2
GCCAACCATTTCCGGA-1,1
GCCAAGAATACTTCTG-1,6
GCCAATAGGGCATCTC-1,1
GCCACAATTTAAGGAC-1,5
GCCACTCAGAGCGCGA-1,5
GCCACTCCTTACGGTA-1,3
GCCAGGAAAGAACACT-1,7
GCCAGGAGTAACCGAT-1,1
GCCAGGCGTTCGCATG-1,1
GCCATATTGCACACAG-1,1
GCCATCGAGCTGCGTG-1,6
GCCATCGATGCTGCAT-1,2
GCCCACCAAGGCTGTC-1,3
GCCCACTGGTCCACAA-1,3
GCCCAGTTGGTATGCC-1,3
GCCCATGGGTGCAATG-1,2
GCCCGACTTCTTCCCG-1,6
GCCCGATCTGTGGTCG-1,5
GCCCGCGCGTAAACGG-1,5
GCCCGCGCGTTTGACA-1,3
GCCCGTAATACCTTCT-1,3
GCCCTAAGTGCAGGAT-1,7
GCCCTAGCCGTCGCGA-1,7
GCCCTGAGGATGGGCT-1,6
GCCGAAATTCCTACGT-1,4
GCCGACCCACGACTGC-1,7
GCCGATTGGCCAAGCT-1,4
GCCGCATTAGTCCGGC-1,5
GCCGCTAGATACGCAG-1,2
GCCGCTTGTGAGAAAC-1,4
GCCGGAAACACATCTT-1,1
GCCGGGTTAGGGTCGC-1,4
GCCGGTCGTATCTCTC-1,7
GCCGGTTTGGGCGGAT-1,1
GCCGTCGGTTTCGGGC-1,7
GCCGTGGAAGAAATGT-1,3
GCCTACGTTCTGTGCA-1,6
GCCTAGCGATCTGACC-1,3
GCCTATAGTGTCAGGG-1,2
GCCTATGCTGGGCCTT-1,1
GCCTATTCCGATATAG-1,3
GCCTATTTGCTACACA-1,1
GCCTCATCTGGAAATA-1,3
GCCTCCGACAATTCAC-1,5
GCCTCTATACATAGCA-1,5
GCCTGCTACACTGAGA-1,1
GCCTGTCCCGGTGCAT-1,7
GCCTTCAGCCCTACCG-1,3
GCCTTGTATATGCAGT-1,3
GCGAAACGATCGGGAG-1,4
GCGAAACTTAACTGGA-1,3
GCGAAGAATCTGACGG-1,6
GCGAAGCCATACCCGT-1,3
GCGAATGGACTAGCGA-1,7
GCGACATGTAAACATC-1,3
GCGACCCAACCATCTG-1,7
GCGACGATAGTTGTAC-1,5
GCGACGGTAGTCTCCT-1,7
GCGAGAAACGGGAGTT-1,3
GCGAGAGGCCATGTAA-1,1
GCGAGAGTTGCGTCCA-1,2
GCGAGCGCATGCTCCC-1,3
GCGAGGCCCGAGCAGA-1,4
GCGAGTTCTGCAAAGA-1,3
GCGATGTCTGTGCTTG-1,4
GCGATTCTGGAAGCAG-1,1
GCGATTGTTAACGTTA-1,3
GCGCAAATATATTCAA-1,7
GCGCAAGAGCGCGCTG-1,3
GCGCATCCAGTCAGCA-1,2
GCGCCGTTCCACGATA-1,4
GCGCCTCCCACTCCGA-1,3
GCGCGATGGGTCAAGT-1,1
GCGCGGTCTAGTAACT-1,7
GCGCGTCATTGGTACA-1,5
GCGCTAAGTATGCATG-1,1
GCGCTAATTGAATAGA-1,3
GCGCTATGCCGAGGCA-1,5
GCGCTGATCCAGACTC-1,1
GCGCTGCTTTGCATTT-1,2
GCGCTTAAATAATTGG-1,5
GCGGACCGCGTTGTGG-1,6
GCGGAGAAACTTCGCA-1,6
GCGGAGAGGGAGAACG-1,4
GCGGCAAAGTATTGCC-1,7
GCGGCTCTGACGTACC-1,5
GCGGCTTTAGCAAGTT-1,6
GCGGGAACCAGGCCCT-1,3
GCGGGCAGACGGGTGA-1,7
GCGGGCATTACGATGC-1,1
GCGGGCGAGCCTTACC-1,6
GCGGTAACCCAAATGA-1,3
GCGGTCCCGGTGAAGG-1,1
GCGGTCCCTAGACGCA-1,3
GCGGTCTTGCTTTCAC-1,6
GCGGTGAACTGCGCTC-1,1
GCGGTGCGGAGCATCG-1,4
GCGGTTCCCTATCATG-1,5
GCGTAAATGGCCATAA-1,3
GCGTCCAGCTCGTGGC-1,1
GCGTCCCTAAGACATA-1,7
GCGTCGAAATGTCGGT-1,2
GCGTCGCCAGGGTGAT-1,5
GCGTCGTAACATGGTC-1,7
GCGTCTCTGCATTGGG-1,5
GCGTGGTACTGGGTTA-1,3
GCGTGTATGTCGTATT-1,1
GCGTTATATTTGGAAC-1,5
GCGTTCGGAGACCGGG-1,1
GCTAAACCTGAGGTGA-1,3
GCTAACTGAAGTCTGA-1,5
GCTAAGTAAAGGCGAT-1,4
GCTAAGTAGTTTCTCT-1,3
GCTAATACCGAATGCC-1,3
GCTACAATCGAGGATA-1,5
GCTACACTGTCCGAAC-1,2
GCTACAGTACGGACCG-1,5
GCTACGACTTATTGGG-1,4
GCTACTATAGTAGAGT-1,4
GCTAGACCGTCTACTG-1,3
GCTAGAGTAGAGATGT-1,4
GCTAGCAGGGAGTGGG-1,1
GCTAGCTTGAATAGCT-1,6
GCTAGGCACCACGGAG-1,5
GCTAGTAGAGCTTGTA-1,3
GCTAGTTTCATTGAGG-1,3
GCTATACGTCTCGGAC-1,4
GCTATCATACTCATGG-1,5
GCTATCGCGGCGCAAC-1,3
GCTATGCCAGCTTATG-1,6
GCTCAACCTCTTAGAG-1,3
GCTCAATCCGTTTATT-1,6
GCTCAATGTAATACCG-1,6
GCTCATTACTGCATGT-1,1
GCTCCATGCAAAGCAA-1,7
GCTCCCAGTCGGTCCA-1,3
GCTCCGCTCGCTTCAG-1,3
GCTCCGGACGTTGATA-1,2
GCTCCTGACATACTGG-1,7
GCTCGACCGAACTGAA-1,3
GCTCGCGGTTCCGCTC-1,4
GCTCGCTCATGTCCAA-1,3
GCTCGGAATTTAAAGC-1,2
GCTCTAAACCCTGACG-1,3
GCTCTATGTTACGTGC-1,3
GCTCTCGGGTACCGAA-1,3
GCTCTTTCCGCTAGTG-1,7
GCTGAACTCTCCAGGG-1,3
GCTGAATCTTCCAATC-1,7
GCTGAGCAACGGTTCT-1,3
GCTGAGGCGTGAGTAT-1,4
GCTGCACGGTTTCTTA-1,3
GCTGCGCCTCCCACGT-1,4
GCTGCTAAGTAGTCGA-1,6
GCTGCTACTGCGTAGC-1,5
GCTGCTCTCCGGACAC-1,3
GCTGGACCCAAAGTGG-1,1
GCTGGCAGGTGCCGTG-1,5
GCTGGCATATTCACCT-1,4
GCTGGCGGCGCATGCT-1,5
GCTGGGTCCGCTGTTA-1,2
GCTGGTGACTCGTAGT-1,1
GCTGTATTACTGGCCC-1,5
GCTGTCTGTGATCGAC-1,2
GCTGTTGCTACCGAAC-1,3
GCTTAATGTAACTAAC-1,3
GCTTACGTAGTTAGTA-1,2
GCTTAGGGAAGCGGTA-1,2
GCTTATGAAGCAGGAA-1,3
GCTTCAGTGGGATTAC-1,2
GCTTCCAGCTTAGATT-1,3
GCTTCCATGTAACCGC-1,6
GCTTCCCGTAAGCTCC-1,6
GCTTCCGTCCCTAGAC-1,3
GCTTGATGATAATCAG-1,3
GCTTGCAGCACAATTG-1,1
GCTTGGATCGATTAGG-1,2
GCTTTCAGAGGAGGTG-1,3
GCTTTCTATCTCAACT-1,3
GCTTTGCTGCCGGGTA-1,3
GGAAACCTTGTTGAAT-1,1
GGAAACTAAATGGGCC-1,5
GGAAAGGGAATTGAGC-1,7
GGAAAGTGCCCATGCC-1,1
GGAACCCGAACAAGAA-1,4
GGAACCGTGTAAATTG-1,5
GGAACCTTGACTCTGC-1,7
GGAACGGCCTGCAGCC-1,4
GGAACTTTGGCGATTA-1,5
GGAAGATAAGACTGTA-1,3
GGAAGCTCGCTTACAG-1,1
GGAAGGACACCGTATA-1,6
GGAATAACCTCAAGAA-1,1
GGAATGCGCTAGCGTG-1,3
GGACAACCATGAAGCC-1,6
GGACAAGTTGCAGTGA-1,5
GGACACAAGTTTACAC-1,3
GGACACCTCGGTGTTG-1,7
GGACCAACAGGATAAC-1,5
GGACCTACGGTAACGT-1,1
GGACCTCTAGGCCGCC-1,7
GGACGGCTTGCGCAAC-1,1
GGACGGGCGACCAACC-1,5
GGACGTCCATAGTTGG-1,1
GGACTAAGTCAGGAGT-1,5
GGACTCGACAGCGCAT-1,7
GGACTCGTGAGTGGTC-1,7
GGACTCTTTGACTAAG-1,6
GGAGAAGTCATTGGCA-1,3
GGAGACCAATGTGCTT-1,1
GGAGACGACACCTTTG-1,4
GGAGCAACATTTCAAG-1,4
GGAGCACCAAGAACTA-1,3
GGAGCGAGGCCTACTT-1,6
GGAGGATTGAAAGGAG-1,1
GGAGGCCGAAGTCGTC-1,3
GGAGGCGAAGAACCGC-1,2
GGAGGGCTTGGTTGGC-1,3
GGAGGGTCAAGTAAGA-1,5
GGAGTACACATGAGCT-1,3
GGAGTGCCGCCCTGGA-1,3
GGAGTTGATTCTGTGT-1,5
GGATACTCATGAATTG-1,2
GGATCAAAGGACGAGG-1,1
GGATCAGAGCCATCAG-1,6
GGATCATCCCGTACGC-1,1
GGATCCCTACCAGCTA-1,3
GGATCCGGAATATACT-1,3
GGATCTTACTGCCCTT-1,7
GGATCTTGACTCAACC-1,7
GGATGAAGATCGCTGA-1,3
GGATGACGCGAGTTTA-1,4
GGATGCTGGCGTTCCT-1,5
GGATGGCTTGAAGTAT-1,6
GGATGTCCTTACCGCA-1,3
GGATTAAGCTAAGGTC-1,1
GGATTAATCATGGACC-1,6
GGATTCAGTACGGTGG-1,3
GGATTCCGCTATACCC-1,1
GGATTGCTGTGACTCC-1,5
GGATTTCACTTCTATA-1,3
GGCAAAGGCGCCAATA-1,6
GGCAAATTACTTTACT-1,4
GGCAAGCCAGGGATAG-1,1
GGCAAGCCCATAGTGG-1,7
GGCAAGGCGAAATAGC-1,4
GGCAATAGTCAATGAG-1,3
GGCACTCCACTGGGCA-1,4
GGCACTGCGGTGGTTT-1,6
GGCAGAGAGATCGGGA-1,5
GGCAGCAAACCTATGC-1,3
GGCAGCGGTAATCCTA-1,1
GGCATACAGGTAGCGG-1,4
GGCATATCGGTTCTGC-1,1
GGCATCAACGAGCACG-1,1
GGCATTGAACATCTCA-1,7
GGCCAATTGTATAGAC-1,6
GGCCACAAGCGATGGC-1,1
GGCCACACGAAAGCCT-1,4
GGCCCAATCTAGAGGG-1,2
GGCCCAGCTGGTTTGC-1,6
GGCCCAGTTATCAGCA-1,1
GGCCCGGAGCATGTCT-1,2
GGCCCGTATACCATGC-1,1
GGCCCTCACCCACTTA-1,5
GGCCGAGACTCTGGTG-1,7
GGCCGCAGGAACCGCA-1,5
GGCCGGCGTCTGCTAT-1,6
GGCCGTTTGGGTTTCA-1,6
GGCCTGCTCTGATGTT-1,7
GGCCTGCTTCTCCCGA-1,4
GGCCTTTGCAACTGGC-1,5
GGCGAAATCTAACTTG-1,3
GGCGAACCGTTCTGAT-1,1
GGCGAGCATCGAGGAC-1,1
GGCGCAGGACATCTTC-1,5
GGCGCATGAATTGATG-1,4
GGCGCGGAGATCTTTC-1,5
GGCGCGTTCGAGTTTA-1,5
GGCGCTCCTCATCAAT-1,3
GGCGCTTCATTCCCTG-1,6
GGCGGAGTAATATTAG-1,3
GGCGGTAGGATCATTG-1,3
GGCGGTTTGCCGGTGC-1,3
GGCGTACCCTATATAA-1,1
GGCGTAGGGAAAGCTG-1,6
GGCGTCCTATCCGCTG-1,4
GGCTAAAGGGCGGGTC-1,1
GGCTAATGATTGAAAT-1,1
GGCTACTATACACTCC-1,7
GGCTATTAAGTTGTAT-1,4
GGCTCCTCCACCTGTT-1,7
GGCTCGCGTTGAGGTA-1,3
GGCTCGTGCCACCAGC-1,3
GGCTCTGCTCCAACGC-1,3
GGCTGAAATAGCAAAG-1,4
GGCTGAGCATCGTAAG-1,1
GGCTGGCAATCCCACG-1,6
GGCTGGCTAGCTTAAA-1,3
GGCTTCTCGTGGGTGG-1,6
GGCTTGGCTCTCACCT-1,5
GGCTTTCAATAAGGGT-1,6
GGGAACCACCTGTTTC-1,1
GGGAACGGGAGGTTAG-1,5
GGGAACGGTTTCAGAT-1,7
GGGAAGACGGTCTGTC-1,6
GGGAAGGGCTTTCTCA-1,5
GGGAATGAGCCCTCAC-1,1
GGGAATTCTGTCCAGT-1,5
GGGACAGAGTTACTCC-1,7
GGGACCCGTATATCTT-1,6
GGGACTGCATAGATAG-1,3
GGGAGAACTCACAGTA-1,3
GGGAGCGACCGTAGTG-1,6
GGGAGGATGCCCGAAA-1,4
GGGAGTAATGGCTGGC-1,2
GGGAGTTAATGAGGCG-1,3
GGGATACGGTAATAAT-1,4
GGGATCCCAATACAAA-1,1
GGGATGGTCGTAACCG-1,5
GGGATTTACCGCACCT-1,3
GGGCAACCGCACGTGC-1,7
GGGCACGAATTGGCCG-1,5
GGGCACGTAGTACTGT-1,7
GGGCAGAGCAATCGTT-1,6
GGGCAGTCAACGCCAA-1,6
GGGCATGCATGTCGAG-1,7
GGGCCCGTCTTAAACA-1,5
GGGCCCTACGAAAGGG-1,5
GGGCCCTTATCTATAC-1,5
GGGCCGGCCGAAGTAC-1,3
GGGCCTAAATGGGCTA-1,6
GGGCCTATACAACCGG-1,3
GGGCCTATTTAAGTAT-1,1
GGGCGAATTTCTCCAC-1,3
GGGCGATATGTGTGAA-1,3
GGGCGCAGCGTTACTC-1,1
GGGCGGCAAATGAATT-1,5
GGGCGGGTTCCCTACG-1,5
GGGCGGTCCTATTGTC-1,3
GGGCGTACATTTATAT-1,3
GGGCGTCACCACGTAA-1,5
GGGCGTCCACTGGCTC-1,1
GGGCGTGGTTTCCCAG-1,5
GGGCTATGATCGATGG-1,6
GGGCTCATCGAACCCA-1,2
GGGCTGCCTAGGGCGA-1,3
GGGCTGGTTAGTCGCG-1,3
GGGTAATGCTGTGTTT-1,3
GGGTACCCACGGTCCT-1,3
GGGTACTTCATGAACT-1,4
GGGTATGTATGCACTT-1,4
GGGTATTCTAGCAAAC-1,7
GGGTCACCGTGACGGT-1,4
GGGTCACGTGCTTATG-1,2
GGGTCACTGAGTAGTG-1,3
GGGTCAGGAGCTAGAT-1,7
GGGTCATGCGTACCAT-1,3
GGGTCGTGGCAAGTGT-1,1
GGGTCTATCGCTTTCC-1,5
GGGTGACACCTTAACT-1,5
GGGTGCATATGAAAGC-1,1
GGGTGGTCCAGCCTGT-1,1
GGGTGTTTCAGCTATG-1,2
GGGTTAACATTTGAGT-1,6
GGGTTCAGACGAACAA-1,3
GGGTTTAGGATAGGAT-1,3
GGGTTTCCGGCTTCCA-1,1
GGTAAACTCTGCGCTG-1,5
GGTAAATGTGCGTTAC-1,1
GGTAACCGGGAGGATA-1,7
GGTAACTATGTATCTG-1,3
GGTACAAACATGCTAT-1,4
GGTACACCAGATTTAT-1,1
GGTACATCTGGGACGA-1,5
GGTACCATTAAGACGG-1,1
GGTACGTTGCGGCCGG-1,5
GGTAGAAGACCGCCTG-1,5
GGTAGACCGTTGGGCG-1,5
GGTAGTGCTCGCACCA-1,3
GGTATAGTGACACATA-1,2
GGTATGAAAGAACTGA-1,5
GGTATTGCCGAGTTTA-1,3
GGTCAAGACTACTTCG-1,4
GGTCACGTTAGATTCA-1,2
GGTCAGTGGGTCCCAC-1,5
GGTCATTGTAGTCATA-1,1
GGTCCCATAACATAGA-1,2
GGTCCTTCATACGACT-1,3
GGTCGGATAAACGGCG-1,1
GGTCGGCCAGGAGCTT-1,3
GGTCGGTAATTAGACA-1,3
GGTCGGTCGTCCACAG-1,6
GGTCGTAAGCTCGCAC-1,6
GGTCTCCGTCCAGGTT-1,5
GGTCTCTGAATGGACT-1,6
GGTCTGAGAATCTGGA-1,3
GGTCTTGAGCGCTCTT-1,6
GGTGAAACCGGGAATG-1,1
GGTGAACGGGCTAGCC-1,3
GGTGAAGTACAGGGAT-1,5
GGTGAGATGCAGATAA-1,3
GGTGATAAGGAGCAGT-1,3
GGTGATGAAGGAAGTG-1,5
GGTGATTTCATCTTGT-1,2
GGTGCAGAGCCTATCG-1,1
GGTGCATAAATGATTA-1,7
GGTGCGGATAAGTGGC-1,3
GGTGCTGATCACAAAG-1,4
GGTGCTGGTACACATT-1,5
GGTGGACCACGTGTTA-1,1
GGTGGACTGCTCTGGC-1,5
GGTGTAAATCGATTGT-1,7
GGTGTAGGTAAGTAAA-1,7
GGTGTTCTGTTTCTAC-1,1
GGTTACCACCCTCGGG-1,5
GGTTAGCTATATGTCT-1,3
GGTTAGGCTTGGAGAA-1,3
GGTTAGTTACGGCGCC-1,4
GGTTCCACCCGCTTCT-1,1
GGTTCCCTAGTGTCTC-1,3
GGTTCGATGCTGAGTT-1,3
GGTTCGGATTATACTA-1,6
GGTTCTACTCGTCTGA-1,3
GGTTGTATCGTGAAAT-1,1
GGTTGTGCTCTTGTCC-1,4
GGTTGTGTAGCCTGGC-1,5
GGTTTAATTACCATCG-1,7
GGTTTAATTGAGCAGG-1,1
GGTTTACAATCTCAAT-1,3
GGTTTAGCCTTTCTTG-1,3
GGTTTCAATCGGTCAG-1,3
GGTTTGACAAGAAGCT-1,1
GGTTTGAGTGCTGGAA-1,3
GGTTTGCGAACACGTA-1,1
GGTTTGTGACCTGAGG-1,5
GTAACAACTGACCTTG-1,1
GTAACATCAGCTCATC-1,3
GTAACATCTAAGATAA-1,4
GTAACTGCCCAAGGAG-1,7
GTAACTTGCGGCAGTC-1,3
GTAAGCGGGCAGTCAG-1,3
GTAAGGATTTGTCGGA-1,1
GTAAGTAACAGTCTGG-1,3
GTAAGTAGGGTATACC-1,3
GTAAGTCCACACTCTA-1,3
GTAATAAAGGGCTCCC-1,2
GTAATCTGATTCTTCG-1,5
GTACACTTACCTGAAG-1,3
GTACAGAGGCAAGGGT-1,3
GTACGACGGCGCTGCG-1,3
GTACGAGATTGCGACA-1,3
GTACGCTTCATTGCAC-1,4
GTACGTCACGTATTAA-1,1
GTACGTTTGCCCGTCA-1,4
GTACTAAGATTTGGAG-1,3
GTACTACGGCCTCGTT-1,6
GTACTCCCTTATCGCT-1,5
GTACTCCTGGGTATGC-1,1
GTACTGAGGTCGTAAC-1,2
GTACTGCATGAAGCGT-1,3
GTACTGGAGTTAGACC-1,3
GTACTTGGGCACTTCT-1,3
GTAGAAACGGGTGGAG-1,4
GTAGACAACCGATGAA-1,1
GTAGACACGCCTGACT-1,6
GTAGACGTCGTTACAT-1,3
GTAGAGGGAGACAAGT-1,6
GTAGCCAAACATGGGA-1,5
GTAGCGCTGTTGTAGT-1,1
GTAGCGGCTATACACT-1,3
GTAGCTAGTAAGCGCG-1,1
GTAGCTCCGGGAGGCT-1,7
GTAGCTTCCTCTTGTT-1,3
GTAGGTGATCCGTGTA-1,1
GTAGTCGCGGGAATCA-1,4
GTAGTCTACGATATTG-1,6
GTAGTGAGCAACCTCA-1,5
GTAGTTAGACAATATA-1,3
GTAGTTCGAAGGCGAA-1,7
GTATAATCTCCCGGAT-1,3
GTATAGGACTCAGTAG-1,3
GTATAGTGGCCCATGT-1,1
GTATATGTTACGGCGG-1,3
GTATCAAACGTTAGCT-1,4
GTATCAAGGTACTTCC-1,7
GTATCAGCTTGGGTTC-1,3
GTATCCTTTGGTAACC-1,5
GTATCGGGACGAGCTG-1,3
GTATCTCAGTCTTGAC-1,7
GTATCTCCCTAACTGT-1,1
GTATCTTGTTGCTCAC-1,1
GTATCTTTCATAACCA-1,4
GTATGAAATTTCACTC-1,7
GTATGACGTGGGAAAC-1,2
GTATGTGGGTCTAGTT-1,3
GTATTAAGGCGTCTAA-1,3
GTATTAGGGTTCGCGT-1,2
GTATTCTGAGAAACGA-1,5
GTATTCTTACCGTGCT-1,3
GTCAAAGAAGTGGTGT-1,7
GTCAAAGTTTACATAG-1,3
GTCAACCAGGCCTATA-1,5
GTCAAGCGGACTCGGG-1,3
GTCAATGCTATAATTT-1,1
GTCAATTGTACTGAAG-1,1
GTCACAAAGTTTCCAA-1,1
GTCACCTGTCTATGTC-1,2
GTCACTCTCCAAATCT-1,3
GTCAGAATAGTCTATG-1,4
GTCAGTTGTGCTCGTT-1,1
GTCAGTTTGGTAGTCG-1,5
GTCATCTCCTACAGCT-1,3
GTCATGCACCTCCGTT-1,3
GTCATGCGCGAGGGCT-1,5
GTCATGGACATGACTA-1,3
GTCATTAGAGCGAACG-1,3
GTCATTGCATTGACCC-1,5
GTCCAATATTTAGCCT-1,7
GTCCACGTCGCATTCG-1,5
GTCCAGGCACGTGTGC-1,7
GTCCATTACTGCTACG-1,3
GTCCCAACGTAAAGTA-1,3
GTCCCAATCATCCCGC-1,6
GTCCCGCGACGTTATG-1,5
GTCCGAGAGCAATCAT-1,5
GTCCGGACCTGAAATT-1,5
GTCCGGCTGAATTGCG-1,3
GTCCGGGTTCACATTA-1,6
GTCCGTTAGAGGGCCT-1,7
GTCCTACAGGCGGCTC-1,3
GTCCTACGAATAGTCT-1,4
GTCCTATTGTTGTGGT-1,5
GTCCTTCTACAACCCA-1,4
GTCCTTCTAGTGGGTT-1,1
GTCCTTTAATGACTTC-1,1
GTCGCCGTTGTGTGTT-1,6
GTCGCGTAACCCGTTG-1,3
GTCGGAAGGATACCAG-1,1
GTCGGATATCTCAGAC-1,4
GTCGGATGTAGCGCGC-1,1
GTCGGGAACATGGTAG-1,6
GTCGGGAAGCAGAAAC-1,6
GTCGTACCATCTCGGG-1,5
GTCGTACCTACGATTG-1,5
GTCGTATTGGCGTACA-1,1
GTCGTCAATTATAAGG-1,2
GTCGTGTCTGGTCATC-1,1
GTCGTTATTCGCTTAT-1,4
GTCTAAGATGCCCAGC-1,3
GTCTACTCAATTACAA-1,5
GTCTAGTGAGCCGCTT-1,6
GTCTATCTGAGTTTCT-1,5
GTCTATTGCATGCTCG-1,5
GTCTATTGGTTCCGGT-1,4
GTCTCAAGGCCCGGCT-1,6
GTCTCCGCCTCAATAC-1,7
GTCTCGACTAAGTTTG-1,1
GTCTCGATCTGCTTTC-1,1
GTCTCGCCAACACGCC-1,1
GTCTGCCGACTCGACG-1,6
GTCTGGGCGGTCGAGA-1,5
GTCTTAGTACAGCCGG-1,1
GTCTTCCTCACCTAAG-1,5
GTCTTGAGGAGCAGTG-1,2
GTCTTGTAGCTATTCA-1,3
GTGAAACGGCGCCACC-1,2
GTGAAACGTGCTCCAC-1,3
GTGAACTCCCATTCGA-1,2
GTGAAGATTTCAAGTG-1,1
GTGAAGCCGTATAGTC-1,1
GTGACAGCTTCCCACT-1,6
GTGACCGCACACTACG-1,3
GTGACGAGGGTGACCC-1,1
GTGACGCAGGTTTCAT-1,6
GTGACTTCAGTAGTGC-1,5
GTGAGATAACCTTATA-1,7
GTGAGCGTGCTGCACT-1,5
GTGAGGACACTTAAGG-1,3
GTGAGGAGCGGTTGAG-1,1
GTGAGTCTAAGACGGA-1,4
GTGAGTGGTACAACGC-1,5
GTGATCAAGCGTGCAC-1,7
GTGATCACTAACGCCT-1,3
GTGATCATAGATCTGC-1,5
GTGATCCTTGTCATGA-1,5
GTGATGCACAACATCT-1,1
GTGATTCGCCGCTCAA-1,5
GTGCAACAAATGTGGC-1,1
GTGCACCAGCTTCAAC-1,7
GTGCACGAAAGTGACT-1,1
GTGCCATCACACGGTG-1,5
GTGCCCGTTCGGATTC-1,3
GTGCCGCTTCAAAGGT-1,5
GTGCCTAGCTATGCTT-1,3
GTGCCTCAGTGTACGG-1,1
GTGCCTGAGACCAAAC-1,6
GTGCGAAATCGAACAC-1,5
GTGCGACAGGGAGTGT-1,3
GTGCGCAGCTTGCTCC-1,2
GTGCGCTTACAAATGA-1,1
GTGCGGGACCATCGGC-1,2
GTGCGGGTCTCCAAAT-1,3
GTGCGTGTATATGAGC-1,3
GTGCTCAAGTACTGTC-1,3
GTGCTGCAGATAAGGA-1,5
GTGCTGTTAGAACATA-1,7
GTGCTTACATCAGCGC-1,3
GTGGAACCTACATGCG-1,1
GTGGACCAACCCGATT-1,5
GTGGACGCATTTGTCC-1,5
GTGGACGTGCTGAGAC-1,3
GTGGAGTCGGCGGTTG-1,6
GTGGCAAACAGCGGCA-1,6
GTGGCCTAATATCATT-1,5
GTGGCGGGCCGTAGCT-1,1
GTGGCGGTCCCAGCGT-1,5
GTGGCGTGCACCAGAG-1,2
GTGGCTGTTTCTGTTC-1,6
GTGGGAACAAACCGGG-1,7
GTGGGAAGACTGAATC-1,6
GTGGGCTTAGACACAC-1,3
GTGGGTCTTCTTTGCG-1,2
GTGGTATAGTCTGCCG-1,6
GTGGTCAGCGAAGTAT-1,1
GTGGTGGCCAAGTGAA-1,4
GTGGTTACTTCTTTCG-1,2
GTGGTTTCCGCCTTTC-1,5
GTGTACCTTGGCTACG-1,3
GTGTATATCAGCGGGC-1,5
GTGTATGACTTTAAAG-1,1
GTGTCAGTGTACGTGG-1,7
GTGTCCGATAAGGCAT-1,2
GTGTCGTATAGCGTTC-1,5
GTGTCGTATTCACCTT-1,2
GTGTGAATAACTTAGG-1,3
GTGTGAGCCGAGGTGC-1,1
GTGTGTCGACGTCGCT-1,3
GTGTTACTATGCGTCC-1,3
GTTAAAGTAGGACTGG-1,4
GTTAACATCACTTAAA-1,5
GTTAACTATGTTGTCA-1,3
GTTAAGGGTGCGATGT-1,6
GTTAAGTTAGAGTGGG-1,2
GTTAATGTCTATCTTA-1,5
GTTACAATTGGTGACG-1,5
GTTACCTACAACTTGC-1,4
GTTACGAAATCCACGC-1,1
GTTACGGCCCGACTGC-1,1
GTTACTTTGGGCCTAG-1,5
GTTAGAGTGTGCCGCT-1,1
GTTAGCCCATGACATC-1,6
GTTAGCCGTAAATCAA-1,1
GTTAGGCTACCCGTTT-1,7
GTTATAATACGGTGAA-1,4
GTTATATCAGGAGCCA-1,1
GTTATATTATCTCCCT-1,5
GTTATCAAGCTATCGA-1,6
GTTATCACCTTCTGAA-1,1
GTTATTAAATACGACC-1,1
GTTATTAACGTGGGAG-1,3
GTTCAAATCAGATGTC-1,4
GTTCAATCTATGTCAA-1,1
GTTCACAGGAGTCTAG-1,4
GTTCAGTCGCCAAATG-1,7
GTTCATCGTTTGGCTG-1,2
GTTCCAAGACAGCGAC-1,2
GTTCCAGTCTGACCAT-1,3
GTTCCCGTAAACATAT-1,4
GTTCCGTCCGCCTGCA-1,7
GTTCGCCATAAGTGCC-1,4
GTTCGCTGAGACGTCT-1,3
GTTCGGAGCACTCAAC-1,5
GTTCGGATCGGGAACA-1,3
GTTCGGGCGTACCATT-1,2
GTTCGTCTAAAGAACT-1,4
GTTCGTCTGGGTCCCT-1,1
GTTCGTTGCGGACCAG-1,1
GTTCTTCCCTCGATGT-1,3
GTTCTTGTAACTCAAT-1,7
GTTGAACCGGTTCCAT-1,5
GTTGAGTCCCGCCGGT-1,5
GTTGCACGGAGTTTCG-1,3
GTTGCGCTAACATTAC-1,3
GTTGGACCGCATCAGG-1,1
GTTGGATTCAGTGGCT-1,1
GTTGGATTGAGAACAC-1,3
GTTGGATTTGCGTTGG-1,4
GTTGGTCATGCTATCC-1,5
GTTGTAGATTTATGAG-1,7
GTTGTCGTGTTAGTTG-1,3
GTTGTTACATTGCGCT-1,1
GTTTACGTTCCATCTG-1,5
GTTTATGGGATTTAGA-1,4
GTTTCAAACGAGTTGT-1,5
GTTTCATATCGTCGCT-1,5
GTTTCCTGGAGGGTGA-1,3
GTTTCTAGAGGCGCGG-1,6
GTTTCTGCAGTCTCCC-1,3
GTTTGACCAAATCCTA-1,3
GTTTGAGCGGTTATGT-1,1
GTTTGGCCCAAGTTAT-1,3
GTTTGGCCGCTCAGCG-1,3
GTTTGGCGTCAGGCAC-1,3
GTTTGGGCTTGTGAGC-1,5
GTTTGGGTTTCGCCCG-1,5
GTTTGGTAGGGTCAAC-1,5
GTTTGGTGATCGGTGC-1,7
TAAACCCAGGAGGGCA-1,6
TAAACGTCGTCAATGA-1,3
TAAAGACAACCCTTTA-1,3
TAAAGAGCCCGAAACC-1,2
TAAAGCGGTATTTCCA-1,7
TAAAGCGTTAGGAGAA-1,2
TAAAGCTGCAATAGGG-1,1
TAAAGGAGAAACTAGT-1,1
TAAATCTTTACACCTC-1,1
TAAATGAATCCGTTTC-1,3
TAAATGCCGTCTCATG-1,1
TAAATTGTGGGTAAAG-1,7
TAAATTTAGTAACACC-1,7
TAACAAAGGGAGAAGC-1,3
TAACAATATTTGTTGC-1,4
TAACAGCGTTTGTGCT-1,7
TAACAGGTTCCCTTAG-1,7
TAACATACAATGTGGG-1,3
TAACATACACGCGATC-1,7
TAACCGCCCGCAGTGC-1,2
TAACCGTCCAGTTCAT-1,2
TAACCTACCGTCCGAG-1,3
TAACCTAGGGAGTCCA-1,5
TAACGCTTTGAGAGCG-1,3
TAACTATCGAAGGTCC-1,3
TAACTATTACGCCAAA-1,1
TAACTCATCCGCGCGG-1,5
TAACTCCATGGAGGCT-1,3
TAAGATTTAGCGGGAG-1,1
TAAGCAGGCGACACGC-1,5
TAAGCCCTTACGACCA-1,1
TAAGGAACTTGTGGGA-1,3
TAAGGCAACATAAGAT-1,3
TAAGGCATAACATCAA-1,6
TAAGGCCCGTCACCCT-1,6
TAAGGCTGAATCCCTC-1,3
TAAGGGCCTGTCCGAT-1,5
TAAGGGCTGGGAGAGG-1,5
TAAGTAAATGTGCCGC-1,1
TAAGTAACATCTTGAC-1,5
TAAGTCGCCGAGTATC-1,6
TAAGTTGCGACGTAGG-1,4
TAATAAACAAGGAGAT-1,1
TAATACACAGTAGTAT-1,3
TAATACTAGAACAGAC-1,6
TAATAGAACAGAGTTA-1,6
TAATAGGTCACCAGAA-1,7
TAATAGTGACGACCAG-1,3
TAATATTGAAATTCGC-1,3
TAATCAGGAATGCTGC-1,3
TAATCGATCCGTACGT-1,1
TAATGAAAGACCCTTG-1,4
TAATTACGTCAGTAGA-1,5
TAATTAGATGGATATG-1,3
TAATTAGGACATCCGT-1,3
TAATTGGAATCGGGAA-1,1
TAATTTCCGTCCAGTA-1,6
TACAAATTGCGGAGGT-1,1
TACAACGCACAACTCA-1,5
TACAAGCTGTTCACTG-1,1
TACAAGGGCTTCTTTA-1,6
TACAAGTCTCGTGCAT-1,4
TACAATGAAACCAGCA-1,1
TACACAGCCGTGGTGC-1,7
TACACCGTCGTTAGTC-1,1
TACACCTCTTCGAATC-1,6
TACAGAAACGGTGGGC-1,5
TACATAGGCATACACC-1,4
TACATCCCTATCCCTG-1,6
TACATCTTGTTTCTTG-1,3
TACATGACCTTATCCG-1,4
TACATTTCTAACGTGC-1,4
TACCAAATAGCCCAGA-1,6
TACCAATAAAGTACCA-1,5
TACCAGAAGTAGGTTC-1,5
TACCAGCTAGGTTTAA-1,1
TACCAGGAATCCCGTC-1,7
TACCGAATAATTGTAA-1,6
TACCGCGGACTTGCAG-1,3
TACCGGCTCACTGCCC-1,5
TACCGGTCGTTTCCAT-1,5
TACCGTAGGTTAACTA-1,6
TACCGTGCCTCGGACC-1,5
TACCTACTCCCAGTAT-1,6
TACCTATCCCTAGAGG-1,6
TACCTCACGCTTGTAC-1,3
TACCTCAGTTGTCTGT-1,6
TACCTCCACACCAATG-1,7
TACCTGCTGCACTGTG-1,4
TACCTTAAGATTTCCC-1,6
TACGAACACGACTTCA-1,3
TACGACGCTTGCTGCG-1,5
TACGACTGCCTCTTAG-1,4
TACGAGAACTTCACGT-1,4
TACGATCCAAGCCACT-1,3
TACGATGTTGATCATC-1,4
TACGCAGTTCTTTCCT-1,4
TACGCCATATTCTAAT-1,4
TACGCCGAGGGTACCC-1,7
TACGCCTCCATTCCGA-1,5
TACGCTATAGAAACCT-1,3
TACGCTCGGTATTGGA-1,5
TACGGAAGCCAAACCA-1,6
TACGGCATGGACGCTA-1,5
TACGGGATGCTAGCAG-1,1
TACGGGTAATAACATA-1,6
TACGTAAAGCGGAGTG-1,5
TACGTACTAGTGCTGA-1,7
TACGTGCACTATGCTG-1,3
TACGTGGGCCCAGGGC-1,6
TACGTTTACCGGCAAT-1,5
TACTACGTGCAATGCG-1,6
TACTATGGTTCCTCAG-1,6
TACTCCTCTAGTTGAC-1,7
TACTCGGCACGCCGGG-1,5
TACTCGTTTGAATCAA-1,6
TACTCTCCGAACAAAT-1,2
TACTCTTACTTTACTG-1,4
TACTCTTTCGTCTTCA-1,6
TACTGAACAGATTTAG-1,6
TACTGCAATCAATTAC-1,1
TACTGGACAGCTCGGC-1,5
TACTGTTTCTCTGGTA-1,3
TACTTAAACATGTACA-1,5
TACTTGTTAGTAGTCC-1,3
TACTTTACTGAGCCGG-1,2
TACTTTCCGCACGCCA-1,6
TAGAAACACAATAGTG-1,3
TAGAAACCACTAAGTA-1,1
TAGAAAGGTGGCGCTA-1,3
TAGAAATTCACGTATA-1,5
TAGAATAGCCGATGAA-1,5
TAGAATTAAGGGCAAC-1,1
TAGACGAAACGCCAAT-1,6
TAGACGCCCGTACCGG-1,3
TAGACTACCTAGCGTT-1,3
TAGAGATCATGCAACT-1,5
TAGAGCTACGAAGAAC-1,2
TAGAGGGAGTTTATCT-1,7
TAGAGGTTCTACTTGT-1,4
TAGAGTCTAAGCGAAC-1,3
TAGATATGGACTGGAA-1,5
TAGATCCGAAGTCGCA-1,1
TAGATGGTTCCTTACT-1,5
TAGATTCAAAGTGCGG-1,7
TAGATTCCTGGTTATT-1,5
TAGCAACCTGTCACAA-1,3
TAGCAGATACTTAGGG-1,6
TAGCAGTAAATACGCG-1,3
TAGCAGTATGACTAAA-1,5
TAGCCAGAGGGTCCGG-1,3
TAGCCATTTCAAAGTC-1,3
TAGCCGGCGGTCAGCG-1,3
TAGCGTCCCTCGATTG-1,3
TAGCGTCCGGTGTGGT-1,5
TAGCGTCGAATATTGA-1,5
TAGCGTTGGGTCTTAC-1,3
TAGCTAAGTCCGGGAG-1,3
TAGCTAGAAGGCATGA-1,5
TAGCTAGTGATGATGG-1,6
TAGCTCAGATCCTAGT-1,2
TAGCTCGCCTGATAAC-1,5
TAGCTGATGTGAAGCG-1,6
TAGGAACAGCCTCCAG-1,1
TAGGATCTTAACCGCA-1,7
TAGGCATGTTACGCCA-1,2
TAGGCCTATATAGTCT-1,5
TAGGCTAAAGTGGCAC-1,5
TAGGGAGCTTGGGATG-1,3
TAGGGTGTTTCAAGAG-1,3
TAGGTCCAAGTAAGGA-1,4
TAGGTCGCCGGAACTG-1,2
TAGGTGACGATAACCT-1,5
TAGGTGAGCCCTACTC-1,3
TAGGTGCTCGCCTAGC-1,3
TAGGTGTTCCACAGAT-1,6
TAGGTTCGAGTTCGTC-1,3
TAGGTTCTGCTGAGAA-1,7
TAGTACCTTAGTGGTC-1,3
TAGTAGCTTATACCAG-1,7
TAGTCCCGGAGACCAC-1,7
TAGTCCGCAGAGAATG-1,4
TAGTCCGTATGCATAA-1,3
TAGTCGATCACGGGTT-1,3
TAGTCGGGATTCTTCG-1,3
TAGTCTAACAACGAGA-1,5
TAGTCTGCGGCACATT-1,7
TAGTCTGTGACGTTGC-1,1
TAGTCTTTCCGAATTG-1,3
TAGTGAGAAGTGGTTG-1,1
TAGTGCCCTCCAGAGT-1,3
TAGTGCTTGAATCCTT-1,3
TAGTGGAACTCATACA-1,1
TAGTGTCAGAAACGGC-1,3
TAGTTAAGATAGGATA-1,1
TAGTTTATTCTTGCTT-1,2
TATAAATCCACAAGCT-1,3
TATAAGTGAGGATAGC-1,3
TATACACAGACGCCTT-1,5
TATACACGCAAAGTAT-1,3
TATACGCGTCATCACT-1,6
TATACTCATGCGGCAA-1,3
TATAGAGTCGCTTGAA-1,7
TATAGATGGTCGCAGT-1,3
TATAGCGCACGTTATC-1,6
TATAGGGTACTCATGA-1,5
TATATAGGGCTTTACG-1,7
TATATATCGAGAAATG-1,7
TATATCAAAGTGATCT-1,7
TATATCATTGATCAGT-1,5
TATATCCCTGGGAGGA-1,3
TATATGCTGGGTTGCC-1,4
TATATTACAAATGTCG-1,1
TATATTCGCGTCGATA-1,1
TATCAAAGGTCTGTAA-1,5
TATCACAGCACGGGCA-1,1
TATCACCATGTAAAGT-1,1
TATCACCCAACCGACC-1,1
TATCACTTCGAGTAAC-1,1
TATCCAATTGGTTATC-1,5
TATCCATATCATGCGA-1,3
TATCCCTCGATCTGCA-1,6
TATCCGCACCGTCGGG-1,6
TATCCTATCAACTGGT-1,7
TATCCTGCATGGGAAT-1,2
TATCGATCTATGCATA-1,1
TATCGATGATTAAACG-1,3
TATCTACAGAGGTAAT-1,4
TATCTACCACAGCGGG-1,4
TATCTAGCCTAAAGGA-1,5
TATGAAGAATTAAGGT-1,5
TATGAAGACAGGTGCG-1,4
TATGATAAATCTAACG-1,1
TATGATCCGGCACGCC-1,1
TATGATCTTCTCTTTA-1,5
TATGATTCTGCTTGGT-1,2
TATGCTCCCTACTTAC-1,3
TATGGAGTTTCTCGTT-1,2
TATGGATGTGCTACGC-1,3
TATGGCAGACTTTCGA-1,1
TATGGCCCGGCCTCGC-1,4
TATGGGACCGAGCAGG-1,3
TATGGGTACGTATCGT-1,3
TATGGTCTGAGTAACA-1,3
TATGGTTAGTGGGAGA-1,3
TATGTAAAGTGCTTAA-1,7
TATGTCAAGACCGACT-1,1
TATGTCTCATTGTGCC-1,3
TATTAACCTGACCGCG-1,6
TATTACCATCCTGCTT-1,3
TATTATGTTTGCCTGC-1,7
TATTCAATTCTAATCC-1,3
TATTCCACTCAGCTCG-1,5
TATTCCGAGCTGTTAT-1,5
TATTCCGGCAGTCCTA-1,1
TATTCCTCCGCCCACT-1,6
TATTCGTGCCAGAATA-1,3
TATTGACATTTCTGCC-1,1
TATTGCCGGGCTTGTA-1,5
TATTTAGTCTAGATCG-1,3
TATTTATACCGAGTAG-1,1
TATTTGATTTGCACAG-1,3
TATTTGTTACCCTTTA-1,3
TCAAACAACCGCGTCG-1,3
TCAAACAATTAGGACA-1,3
TCAAACTTAGATTGTT-1,3
TCAAATTGTTGTGCCG-1,6
TCAAATTTGAGACTCA-1,6
TCAACAAAGATAATTC-1,6
TCAACACATTGGGTAA-1,3
TCAACATAGCGCCCTA-1,6
TCAACATCGACCGAGA-1,6
TCAACCATGTTCGGGC-1,3
TCAACGAGGAGACAAA-1,4
TCAACGCAGGAAATAA-1,6
TCAACGCGACCGGCAG-1,5
TCAACTAACGTATAAC-1,5
TCAACTGCAGAGTCAG-1,4
TCAAGAAATACTAGCT-1,2
TCAAGCGCGGACGGTA-1,4
TCAAGGTTACTACACC-1,3
TCAATACAATTGCTGC-1,5
TCAATACGCCGTCATG-1,6
TCACAAACCGAGGTAC-1,5
TCACAGATCCTCAAAC-1,3
TCACAGCAAACTCGAA-1,5
TCACAGGAGAATAAGA-1,6
TCACAGGGAATCGCAA-1,4
TCACAGGTTATTGGGC-1,3
TCACATCTTATCTGAT-1,4
TCACCCTCTTAAGATT-1,5
TCACCGCTCGGCACTC-1,3
TCACGATGTCCGTGGA-1,6
TCACGCATTGTAGATC-1,3
TCACGGTCATCGCACA-1,3
TCACGTGCCCGATTCA-1,3
TCACTACGACCAATGC-1,1
TCACTATCCCTTCGGT-1,6
TCACTATCGTGCAATC-1,1
TCACTCAGCGCATTAG-1,1
TCACTCGTGCAACGGC-1,1
TCACTCTTCGTCTGTC-1,3
TCAGAACCTCCACAGG-1,2
TCAGAACGGCGGTAAT-1,6
TCAGACGCTATAGAAG-1,4
TCAGAGGACGCGTTAG-1,6
TCAGATGGAGACGTAG-1,2
TCAGCAAATGCATCTC-1,3
TCAGCAGTAGGCCCTG-1,7
TCAGCCAATCCGTAAA-1,5
TCAGCGCACGCCGTTT-1,6
TCAGGGCGACTTCCTT-1,5
TCAGGGCGCAAACTCG-1,3
TCAGGGTGCACGAAAC-1,1
TCAGGGTGTAACGTAA-1,3
TCAGGTTCTTTGAGAA-1,3
TCAGTACTGACCCGCG-1,3
TCAGTAGGGACTATAA-1,5
TCAGTGTATACGTCAT-1,7
TCAGTTACGGAATGAT-1,1
TCATACTTACAGATCC-1,3
TCATATGAGCTTTGTT-1,6
TCATCACTCGAGCTCG-1,3
TCATCCCAGAGGGTGG-1,1
TCATCCTCAGCTGCTT-1,6
TCATCGACGACCGTCG-1,6
TCATCGATGGTCCCAA-1,7
TCATGCAGGTTCTCAT-1,1
TCATTCGTATAATTTG-1,2
TCATTTAAGTCTCCGA-1,3
TCATTTAGAAGTGTGA-1,4
TCCAACTCAGCTATCT-1,6
TCCAACTTTAAATTCT-1,5
TCCAAGCCTAGACACA-1,6
TCCAATAAAGGCTACC-1,7
TCCACAATGGTTTACG-1,3
TCCACATCGTATATTG-1,7
TCCACCAAGACATAGG-1,6
TCCACCTCTAGCCTTT-1,6
TCCACTTTATCTAGGT-1,3
TCCAGAGCACCGGTTC-1,3
TCCAGATGTACGCCAA-1,1
TCCAGCGCTATAAGCG-1,3
TCCAGGCAGGACGATC-1,7
TCCAGGCGAGTACGGT-1,3
TCCAGGGTATATACGA-1,6
TCCATTAGTTGGATAG-1,2
TCCATTCCCACTAGAG-1,1
TCCATTGTGACCTCGT-1,1
TCCCAAACAGACAACG-1,1
TCCCAAAGACGAAGGA-1,3
TCCCAAAGCCCTAAAT-1,3
TCCCACGGAGGGAGCT-1,1
TCCCACTCTCTTCCGG-1,2
TCCCAGCTTTAGTCTG-1,3
TCCCAGGCTTAGCTAA-1,3
TCCCGCGTACTCCTGG-1,3
TCCCGGGTGTGCTGCT-1,4
TCCCGGTCAGGAATTT-1,2
TCCCGTCAGTCCCGCA-1,3
TCCCGTCGCGTCATAG-1,1
TCCCGTGTGCAATTTG-1,3
TCCCTAGATCAATAGG-1,1
TCCCTCCGAAATCGTT-1,1
TCCCTCTTCTCAAGGG-1,5
TCCCTGGCGTATTAAC-1,7
TCCCTGGCTCGCTGGA-1,4
TCCCTTAGATTACTCG-1,1
TCCCTTGTCTGAAACT-1,5
TCCGAACTTGGCTTAC-1,5
TCCGAAGTAGTCACCA-1,1
TCCGAATGGTCCTGAG-1,1
TCCGACCGCTAATCAA-1,7
TCCGAGAAGGCTAAGC-1,1
TCCGATAATTGCCATA-1,2
TCCGATGACTGAGCTC-1,2
TCCGATGGTGCGACAT-1,3
TCCGATTACATTGCCG-1,4
TCCGCAGCCACCTAGC-1,3
TCCGCCTGTCTACAAG-1,5
TCCGCGGCAGCATCTG-1,3
TCCGCGGCCCAATGAA-1,4
TCCGCTGTCATCCCGG-1,4
TCCGCTTATCCCATTA-1,5
TCCGGAGGAAGGGCTG-1,1
TCCGGCCTAGCGTACA-1,2
TCCGGCCTGCATCGAT-1,1
TCCGGGCTTGACGGGA-1,5
TCCGGTTCGTCCGGTC-1,5
TCCGTAACCACAATCC-1,3
TCCGTTAAGCTAATAT-1,4
TCCGTTTAGCCTTGAA-1,3
TCCTAAAGATTCAGAC-1,6
TCCTAAATTGGGAAGC-1,5
TCCTAACCGTCGGGCA-1,7
TCCTACATCCACGGCC-1,3
TCCTAGCAAAGAAGCT-1,5
TCCTCCTAAGACATTC-1,6
TCCTCGGGCTGGGCTT-1,3
TCCTCTACGAGATGGC-1,3
TCCTCTCCAGTTGTCC-1,4
TCCTCTGGCCCATTAG-1,1
TCCTGCCAACTGGAGA-1,1
TCCTGCGTTGATACTC-1,5
TCCTGGCGCTGCCTGG-1,1
TCCTTACGACGGTCCG-1,3
TCCTTCAATCCCTACG-1,6
TCCTTCAGTGGTCGAA-1,1
TCCTTGTCCTTTAATT-1,6
TCCTTTAAATCCGCTT-1,5
TCCTTTCTTACGCTTA-1,3
TCGAAATTTAGGACCA-1,3
TCGAAGAACCGAGCAC-1,3
TCGAATATCCCGCAGG-1,7
TCGAGACCAACACCGT-1,4
TCGAGCCAGGCAGGCC-1,7
TCGATAGGCTAGTCGC-1,1
TCGATTTACGAAACGA-1,7
TCGCAAAGATGCATTT-1,4
TCGCACCAGGAGGCAG-1,4
TCGCACTAACGTTTGT-1,3
TCGCATAAAGGGCGCA-1,5
TCGCATCCCTAAGTGT-1,3
TCGCATTCAATGACTT-1,3
TCGCCCAACTGACTCC-1,1
TCGCCCACTGCGAGAG-1,5
TCGCCGAAGTTGCGTC-1,5
TCGCCGACATATTCGC-1,6
TCGCCGCACCGCGTGA-1,6
TCGCCGGATGGGCAAG-1,5
TCGCCGGTCGATCCGT-1,3
TCGCCTCCTTCGGCTC-1,6
TCGCCTCGACCTGTTG-1,3
TCGCGTAGCAGTGTCC-1,5
TCGCGTCCAGAAGGTC-1,4
TCGCTAAACCGCTATC-1,1
TCGCTACTGGCTTTGA-1,6
TCGCTCGATATATTCC-1,3
TCGCTCGGCACCAGCG-1,1
TCGCTGCCAATGCTGT-1,6
TCGCTGGGCGGATTGT-1,3
TCGCTGTGCGTAAATC-1,3
TCGCTTAATTACGAAG-1,1
TCGCTTTAAACGTTTG-1,2
TCGGAATGACCATCAA-1,1
TCGGAATGCGCTCTGA-1,4
TCGGACGCCCAGCCCA-1,3
TCGGAGAGTATCGGGA-1,6
TCGGAGTACATGAGTA-1,3
TCGGCGAACCCAAACC-1,3
TCGGCGGTATTAGATT-1,3
TCGGCGTACTGCACAA-1,7
TCGGCTAACTTCCCTT-1,1
TCGGCTTGTATCGACG-1,5
TCGGGAACGTGCCTAG-1,1
TCGGGAGACAGCGTAC-1,5
TCGGGATTCAAACATA-1,5
TCGGGCACTTCTGGAT-1,1
TCGGGCCGTCGTGGTA-1,3
TCGGGTGAAACTGCTA-1,1
TCGGTCCCGACAATAG-1,7
TCGGTCCCTGACTCCA-1,1
TCGGTGACCGCTCCGG-1,1
TCGGTTAGCCATGTAG-1,1
TCGTAACTCCCAAGAC-1,5
TCGTAAGACGACATTG-1,3
TCGTAAGCTCCGAGGA-1,1
TCGTACCGACGTCAAG-1,7
TCGTATAGTGCAATTA-1,1
TCGTATCACCAAGCTA-1,3
TCGTATTACCCATTGC-1,5
TCGTATTTCGTCCGGA-1,1
TCGTCAAGTACGCGCA-1,6
TCGTCACACTGTTAGC-1,4
TCGTCCGCTGGCGTCT-1,3
TCGTCCGGGTACACTC-1,2
TCGTCTTAGGCGTTAA-1,5
TCGTGTACTATGGATG-1,4
TCGTGTATTGGTCACG-1,3
TCGTGTCACGCTGACA-1,5
TCGTGTTCGACCACAA-1,4
TCGTTAGGAGTCCCTA-1,5
TCGTTCGTTATTATGT-1,1
TCGTTGACAGGGTCCC-1,5
TCGTTGCTATCCGGTC-1,6
TCGTTGGCTCGTCAAT-1,3
TCGTTTACGCGACCCT-1,6
TCTAACTGTATGTAAA-1,5
TCTAATACTGCCTCAG-1,7
TCTACACGTTCATGCA-1,1
TCTACCCAATAGAGAG-1,4
TCTACCGTCCACAAGC-1,3
TCTACGGGCTCAGTTG-1,1
TCTAGCAATCTCCGCC-1,5
TCTAGCATCTTCGATG-1,3
TCTAGCATGCCCAGAA-1,5
TCTAGGTGGCGACGCT-1,2
TCTAGTGATATCGTGG-1,3
TCTAGTTATCAGAAGA-1,3
TCTATAGGTGGGTAAT-1,5
TCTATCATGCAGTTAC-1,3
TCTATCCGATTGCACA-1,6
TCTATCGGTCGCAACA-1,3
TCTATGCTATAACGAC-1,5
TCTATTACGCTGGCGA-1,3
TCTATTACTAGAGGAT-1,5
TCTCAAATCAATCGGG-1,6
TCTCATGAGATAGGGT-1,4
TCTCCAACGTAGGTTA-1,2
TCTCCACAAGTTGAAT-1,5
TCTCCCTGGGCAGCGT-1,5
TCTCGAACGAGGTCAC-1,1
TCTCGACGTATCGCCG-1,3
TCTCGAGGAGGTTCGC-1,3
TCTCGGCTCCAGGACT-1,3
TCTCGTGTTACGAGGA-1,6
TCTCTAATAGCTGGTA-1,3
TCTCTCGCCGCACATA-1,4
TCTCTTACCGCGAACC-1,7
TCTGAACCGGTCGGCT-1,3
TCTGAACTCGTACCCG-1,3
TCTGAAGCACGTGGTC-1,5
TCTGAATTCCGTACAA-1,3
TCTGACTGTAATGGTT-1,3
TCTGAGCAATTGACTG-1,3
TCTGATCGGGTGCTAG-1,1
TCTGATGTATTCTGTC-1,4
TCTGCAGATTCGAGTC-1,5
TCTGCATACCTTGCTT-1,5
TCTGCCAGAAACTGCA-1,3
TCTGCGAATCGTTCGC-1,1
TCTGCGTCCGGTTTCT-1,3
TCTGGCGCAAGCCGGG-1,5
TCTGGGAACCTTTGAA-1,3
TCTGGGTAGCGCTCAT-1,5
TCTGTCATACAAGAGC-1,2
TCTGTGACTGACCGTT-1,2
TCTGTGATGGAGGTTG-1,2
TCTGTGCCATCATAGT-1,3
TCTGTGGCTACATTTC-1,1
TCTGTTACCCAGCATA-1,6
TCTTAACTCGGATGTA-1,3
TCTTACAGAGGTACCG-1,3
TCTTACCGGAACTCGT-1,1
TCTTACGGCATCCGAC-1,3
TCTTACTTATGCCTCT-1,3
TCTTAGAGCTCCAATT-1,3
TCTTAGAGTGAACTCT-1,3
TCTTATGGGTAGTACC-1,1
TCTTCCCATGGGCACA-1,3
TCTTCGAATAGACGTT-1,3
TCTTCGATACCAATAA-1,3
TCTTCGCGGTGAGAGG-1,4
TCTTCTATAACCCGCC-1,3
TCTTGATGCGTAGCGA-1,3
TCTTGCTCCCGATACT-1,6
TCTTGGTAACACCAAA-1,3
TCTTTAAGACTATGAA-1,3
TCTTTAGAGTCTAACA-1,3
TCTTTAGCAGGCGAAC-1,1
TCTTTCTCTTAAGGAG-1,1
TGAAACCTCAACTCAC-1,1
TGAAACTTATGCAAGC-1,1
TGAAAGGACCTGACTC-1,3
TGAACAAGCAGGGACT-1,7
TGAACACCCGAAGCAG-1,2
TGAACTGCTATGACTT-1,6
TGAAGAGCGGTCCTAG-1,3
TGAAGTAGCTTACGGA-1,3
TGAATACCGACGCGTA-1,6
TGAATATGCTATAAAC-1,1
TGAATGAGATACAGCA-1,1
TGAATGAGTGTTTCCC-1,7
TGAATGTCAGCCGGCC-1,3
TGAATTTCACTTGCCT-1,6
TGACACTTCTCTTTGC-1,1
TGACATATATGACGAT-1,6
TGACATCGAGCGGACC-1,3
TGACATGTAACGTGAC-1,7
TGACCAAATCTTAAAC-1,6
TGACCAGCTTCAAAGT-1,1
TGACCCAACTCACATT-1,1
TGACCCACGTTAGACA-1,3
TGACCCAGCATTCCCG-1,2
TGACGAATATTTCCCT-1,6
TGACGATGCACTAGAA-1,3
TGACTATAATCCTTTC-1,4
TGAGAATGCTTTACCG-1,3
TGAGACGTACCTCTCA-1,6
TGAGAGATTTACCACG-1,3
TGAGATCAAATACTCA-1,1
TGAGATTAGGCCCTAA-1,1
TGAGCAGTCGTGAAGT-1,1
TGAGCCATACAGTCTC-1,5
TGAGCGGAAAGTGTTC-1,5
TGAGCTTTAATGACGC-1,1
TGAGGAGTGCCAGCTT-1,6
TGAGGTGTGTGGCGGA-1,7
TGAGGTTGATCCCAAG-1,1
TGAGTAAATTAGCGTA-1,5
TGAGTGCCTCTTAAAT-1,5
TGAGTGGTCCGTGACG-1,3
TGAGTGTAACAACGGG-1,6
TGAGTTAAAGACATTC-1,3
TGATACATTTAGCCGT-1,6
TGATAGCGGGATTCTA-1,5
TGATCACCACACTGAC-1,7
TGATCAGGGAACTGCT-1,5
TGATCCCAGCATTAGT-1,1
TGATCGGTTTGACCCT-1,3
TGATCTACGCTGATCT-1,1
TGATCTATCACACTCT-1,6
TGATCTCCGGCGCCAG-1,3
TGATGCTCACGTAGTC-1,3
TGATGGCTGTTTCTGA-1,1
TGATGTCAATTAAGTG-1,5
TGATTATGGCACGCAG-1,1
TGATTCAGGTCCCGCG-1,6
TGATTCCCGGTTACCT-1,7
TGATTCGTCTATCACT-1,3
TGATTCTGTCGCCGGT-1,5
TGATTTATTAGCTGTG-1,5
TGATTTCCTCCTGACG-1,3
TGCAAACCCACATCAA-1,1
TGCAAAGTTCGTCTGT-1,7
TGCAACCCATCTGCGG-1,5
TGCAACTACTGGTTGA-1,6
TGCAAGAATGACGTAA-1,3
TGCAATCTAACACGGT-1,5
TGCAATTTGGGCACGG-1,1
TGCACAGTGAAGTTAT-1,1
TGCACGAGTCGGCAGC-1,1
TGCACTATGTGAGTGC-1,3
TGCAGAACTATATCGT-1,5
TGCAGAGTACCGAGCA-1,4
TGCAGATCGTCCTAGG-1,5
TGCAGCTACGTACTTC-1,6
TGCAGGATCGGCAAAG-1,3
TGCAGTGAGGCTCGGG-1,1
TGCAGTTTCCTCCCAT-1,3
TGCATATGTCTGTCAC-1,3
TGCATCTCCGGATCTT-1,3
TGCATGGATCGGATCT-1,2
TGCATGGCAGTCTTGC-1,3
TGCATGTGACCCATAG-1,7
TGCATGTGGTAATCTA-1,3
TGCCAAAGTCAGACTT-1,6
TGCCAATGGGTACTCT-1,6
TGCCACACTAGAGGAA-1,6
TGCCACCTGGCGAAAC-1,2
TGCCAGTACGTGGAGA-1,5
TGCCATGGCTTATAAG-1,1
TGCCATTACTAAAGAA-1,1
TGCCCGATAGTTAGAA-1,6
TGCCCGTACCGTTAAA-1,4
TGCCGAAAGCGTATTC-1,1
TGCCGGATGTACGAGC-1,7
TGCCGTGGATCGTCCT-1,5
TGCCGTGGGACCCAAT-1,7
TGCCTAATTGAAGATT-1,4
TGCCTGACATCGGTCA-1,3
TGCCTGATCAAACGAT-1,2
TGCCTTGGCCAGGCAA-1,4
TGCGAATATGGGATTT-1,6
TGCGACACCCTAGTGC-1,5
TGCGACGGCCGAACGT-1,7
TGCGAGAATATTACCC-1,6
TGCGAGATGGCGGCCA-1,1
TGCGAGCCCTTCCGCG-1,1
TGCGATGCTAATGGCT-1,3
TGCGCAAAGCATTTGG-1,3
TGCGCGATTAACGGAG-1,3
TGCGGACTTGACTCCG-1,6
TGCGGAGTAAAGGTGC-1,3
TGCGGCATAGTTCAAC-1,2
TGCGGGTATTGGGATC-1,1
TGCGGTCTACGAGTAA-1,2
TGCGGTGAAATTTCAT-1,1
TGCGTAAGAACCTGAT-1,5
TGCGTACGGCTAATTG-1,5
TGCGTCATGACTGAGC-1,7
TGCGTGATTGGGTGTC-1,3
TGCGTTTGTTGACACT-1,3
TGCTAAGTGTCTATTT-1,4
TGCTATACAAACGGAC-1,1
TGCTCACACAACAACC-1,3
TGCTCCACAGTTCTTA-1,3
TGCTCGGCGAAACCCA-1,6
TGCTCGGTGGGTCACC-1,6
TGCTCTTGAGAGTTTG-1,6
TGCTGCGTCAGAGTTA-1,2
TGCTGGTTGGACAATT-1,3
TGCTGTTGAAGAACTC-1,3
TGCTTAGAGAGAATGC-1,7
TGCTTCCCAAGCAGTA-1,6
TGCTTGAAACCATGCA-1,3
TGGAAACGGAGTGAAC-1,3
TGGAACCACTGACACA-1,1
TGGAAGAAGGGAACGT-1,5
TGGAAGACGAACACCA-1,3
TGGAAGGATAAAGATG-1,2
TGGAATATCCTTGACC-1,1
TGGAATTAGACGCTTT-1,4
TGGACACCGTTGCTTG-1,3
TGGACCAATCTAAGAT-1,5
TGGACCACGGCGTTGA-1,3
TGGACGCAATCCAGCC-1,7
TGGACGTAGGCGAATC-1,3
TGGACTGTTCGCTCAA-1,3
TGGAGCTAAAGTTCCC-1,1
TGGAGGGAAACACCTC-1,1
TGGAGTGATGCGATGA-1,3
TGGATAGAGTAACAGA-1,3
TGGCAAACTAAATTAC-1,4
TGGCAACTCGCGCGCC-1,1
TGGCAAGCACAAGTCG-1,7
TGGCAATGGGACGGCG-1,4
TGGCACGAGCTCGAGT-1,1
TGGCAGATTACGATCA-1,4
TGGCAGCAGTAATAGT-1,4
TGGCCAAACTGAAGTA-1,3
TGGCCAATTTGGTACT-1,7
TGGCCGTATATTGACC-1,3
TGGCGACTGCTCCAAA-1,6
TGGCGATCAAGTTATG-1,5
TGGCGGTGTGCGATTG-1,2
TGGCTACACTCTACCT-1,5
TGGCTATGTGACATAC-1,5
TGGCTCTTGTCGCGTA-1,6
TGGCTTGTACAAGCTT-1,1
TGGCTTTGGGTAGACA-1,3
TGGGAAATGCCTTTCC-1,3
TGGGATGCACTCATTC-1,1
TGGGCAATAGTTGGGT-1,3
TGGGCACAAACAGAAC-1,2
TGGGCACGTTCTATGG-1,1
TGGGCAGGCCACCGCA-1,3
TGGGCCACAAGAGCGC-1,2
TGGGCCCATACTAATT-1,3
TGGGCCTTGCCTGCAT-1,3
TGGGCGATACAATAAG-1,7
TGGGTAAGGTTCCCGC-1,1
TGGGTGCACAAGCCAT-1,6
TGGGTGGGATGTCATT-1,1
TGGGTGTAATAGATTT-1,6
TGGGTGTTAAGTAGAA-1,7
TGGGTTCCCGGACGGA-1,4
TGGTAAGCAGGATTGA-1,6
TGGTAGAATATATGGG-1,3
TGGTATCGCATCCCAA-1,1
TGGTATCGGTCTGTAT-1,1
TGGTCCCACGCTACGG-1,5
TGGTCGTGCAAGGCAA-1,6
TGGTCGTTTGATAGAT-1,3
TGGTCTAGCTTACATG-1,4
TGGTCTGTTGGGCGTA-1,5
TGGTGATCGTATTTGT-1,4
TGGTTAAGGGCGCTGG-1,1
TGGTTATGCTTGCGGT-1,5
TGGTTCAACGGGTAAT-1,5
TGGTTCGTAGCAAAGG-1,3
TGGTTGGAGGATCCTG-1,1
TGGTTTAAACGTGGGT-1,1
TGTAACTTGTCAACCT-1,1
TGTAATGACCACAATA-1,5
TGTAATGCCTTCGGAC-1,2
TGTACCTACACGAGGG-1,5
TGTACGAACAAATCCG-1,4
TGTACGCTATCAGCTT-1,1
TGTACTACTCTCACGG-1,1
TGTACTGTGCCAAAGT-1,1
TGTAGCCAATTCCGTT-1,6
TGTAGCCATCCCATTC-1,5
TGTAGGAGAAATTTCC-1,3
TGTAGTGATCTATAAT-1,4
TGTATAACAGATCCTG-1,3
TGTATCAGACTGAAGC-1,1
TGTATCCTTATTCCAT-1,2
TGTATGGCGCAGACAG-1,3
TGTATTTACCTAATGC-1,1
TGTCATTTGTTGGGAA-1,1
TGTCCACGGCTCAACT-1,5
TGTCCCGACATAGCAC-1,1
TGTCCGTGGCGCCTTT-1,5
TGTCCTAAGTCACCGC-1,4
TGTCGGCATGGTGGAA-1,3
TGTCGTGGGTATAGGC-1,7
TGTCTACAGTTTCTGT-1,2
TGTGACTACGCCAGTC-1,2
TGTGACTAGAGTTTGC-1,5
TGTGAGACTAGCCCAA-1,6
TGTGATTCCAGCGCTT-1,2
TGTGCCGGTGCCGGAA-1,4
TGTGCTTTACGTAAGA-1,5
TGTGGAGGAAGCTTAA-1,1
TGTGGCAAAGCGTATG-1,3
TGTGGCGGGCTTCTGG-1,7
TGTGGCTCCCACCAAC-1,3
TGTGGTTGCTAAAGCT-1,7
TGTGTAGTAGCACGTG-1,4
TGTGTCGCGAGTTGCA-1,3
TGTGTTCGTATCCAAG-1,4
TGTTATTGTATGTGGC-1,3
TGTTCATAAATGTGCT-1,5
TGTTCCGCTTCCATGA-1,4
TGTTCCGGCCTGAGCT-1,7
TGTTCGTATTGCGGTG-1,5
TGTTCTCTACTCCCTA-1,1
TGTTCTTCCATTGACT-1,4
TGTTGATCACTGTTTA-1,3
TGTTGTCAAGAAGTCT-1,2
TGTTTAATACTTCATC-1,1
TGTTTCGGTACTTCTC-1,3
TGTTTGAGATCGTCAG-1,3
TTAAACAGAGTCCCGC-1,3
TTAAACCGGTAGCGAC-1,1
TTAAACCTGGTTCCTT-1,4
TTAAACTCGAATTCAT-1,3
TTAAAGTAAGTCGCCA-1,6
TTAACACCTCGAACAT-1,3
TTAACCAACCCTCCCT-1,3
TTAACGAACAAGCAGT-1,1
TTAACGTCGCAAGACC-1,1
TTAACGTTAAAGCCTG-1,5
TTAACTCACGCGTGGA-1,4
TTAACTTCAGGTAGGA-1,6
TTAAGACGAACGAACC-1,1
TTAAGATAGGATTGAC-1,3
TTAAGCCGACAACTTC-1,1
TTAAGCGCCTGACCCA-1,3
TTAAGGATACGGAGGT-1,2
TTAAGGCCCGTACTTT-1,7
TTAAGTATTGTTATCC-1,5
TTAATCAGTACGTCAG-1,1
TTAATGCGAGGTAACT-1,1
TTAATGTAGACCAGGT-1,3
TTAATGTGTTTGCAGG-1,3
TTAATTGCTTTGGGTG-1,6
TTAATTTCAGACGCGG-1,2
TTACAACTACGCATCC-1,3
TTACACGATCTGCGAC-1,5
TTACAGACCTAAATGA-1,1
TTACATCGTGGCCTGG-1,3
TTACATGCCACAACTA-1,3
TTACCATTGATTACCC-1,4
TTACCCATTGCCGGGT-1,1
TTACCCTAACAGTCCT-1,3
TTACCCTAGGGATTGG-1,6
TTACCGCCTTAGGGAA-1,3
TTACGGATGGTTCGAG-1,3
TTACGGTGTCACCGAG-1,1
TTACGTAGCGCGTGCT-1,2
TTACGTATCTATGACA-1,5
TTACTAAAGGACTTTA-1,4
TTACTATCGGCTTCTC-1,5
TTACTCCGGCCGGGAA-1,3
TTACTCTGGTACGTAC-1,5
TTACTGGGATATTTCA-1,5
TTACTGTCTAGAGCTC-1,1
TTACTGTTTCTCTACG-1,1
TTAGAAGAACATGACT-1,5
TTAGAATAAGGGTCGG-1,7
TTAGACACGATCGTTG-1,1
TTAGACGAGTCACCTC-1,4
TTAGAGTTTAGAAGGA-1,3
TTAGATAGGTCGATAC-1,3
TTAGCAACATGGATGT-1,3
TTAGCTAATACGATCT-1,1
TTAGCTCTGTAATCCG-1,5
TTAGCTGATTTGCCGT-1,3
TTAGGTCATAACCGAC-1,7
TTAGTAAACCTGCTCT-1,5
TTAGTAGGGCGGCGGG-1,5
TTAGTTATTCGTGGCA-1,3
TTAGTTCAAGTGTTCG-1,1
TTATAGATGCACATTA-1,1
TTATAGGTAATTGTCT-1,6
TTATAGTCCAAGGTGC-1,2
TTATATACGCTGTCAC-1,3
TTATATTTGGCAATCC-1,3
TTATCATACTCGCAAA-1,1
TTATCCAATCGAACTC-1,3
TTATCCGGGATCTATA-1,4
TTATCCTCAAGGAATA-1,7
TTATCGCCTGCGAAGC-1,4
TTATCTGACATTAGGA-1,6
TTATCTGTATCATAAC-1,3
TTATGAATGAAAGGGA-1,4
TTATGACAAACTGGAT-1,3
TTATGATCTTAACGAA-1,3
TTATGCGTCCCGGTCC-1,1
TTATGTTTGCGATAGA-1,4
TTATTAGAGCGTGTTC-1,4
TTATTAGGGAAGCATC-1,2
TTATTTCATCCCAAAC-1,1
TTCAAAGTCTCTAGCC-1,3
TTCAACGACCCGACCG-1,3
TTCAAGCCGAGCTGAG-1,1
TTCAATACTCTGAATC-1,3
TTCAATTAGCCATAAT-1,1
TTCACGAAAGGATCAC-1,4
TTCACTCGAGCACCTA-1,5
TTCACTTCCTAGAACG-1,7
TTCAGAGTAACCTGAC-1,3
TTCAGCCCTGGTCCAC-1,4
TTCAGCTGGCGTGCCC-1,4
TTCAGGCGTCAAAGCC-1,5
TTCAGTTCAAGAGGAG-1,7
TTCAGTTTGTGGCAGC-1,5
TTCATAGCCTTGTAAC-1,3
TTCATAGGGTGTCCAT-1,3
TTCATGGCGCAACAGG-1,2
TTCCAATCAGAGCTAG-1,1
TTCCAATCTGGCTATC-1,5
TTCCACACAGATTTGA-1,5
TTCCACATTTCTCGTC-1,1
TTCCAGACGAGATTTA-1,3
TTCCATCATGCGGTGA-1,1
TTCCATCGACAGCGTG-1,5
TTCCCGACGCTTCACT-1,1
TTCCCGGCGCCAATAG-1,6
TTCCGCAGAGAAATAT-1,1
TTCCGCGTGAGGCGAT-1,4
TTCCGGCCTTGAGGCT-1,6
TTCCGGCTCGACTTCT-1,1
TTCCGGTATCTGTGTC-1,3
TTCCGGTTACCCACTT-1,3
TTCCTCGAGGGTGTCT-1,3
TTCCTCGGACTAACCA-1,4
TTCCTCTGCCCGAATA-1,5
TTCCTTTCTGTGTTGC-1,3
TTCGACAGAGCCCGTG-1,5
TTCGACGGGAAGGGCG-1,3
TTCGAGCCGGCGCTAC-1,2
TTCGCACTCGCGTGCT-1,3
TTCGCACTGTACGACA-1,6
TTCGCATCCGGAAGCA-1,3
TTCGCGCGCCATACGA-1,6
TTCGCTAGGAAGTTGT-1,3
TTCGCTATCTGACGTG-1,1
TTCGGACTGATGCCTT-1,1
TTCGGCAACCCGCTGA-1,1
TTCGGCTAGAGATGGT-1,3
TTCGGGACTAATCGCG-1,3
TTCGGGCGCTAGTCTT-1,6
TTCGGGTTGCCACGGG-1,5
TTCGGTACTGTAGAGG-1,7
TTCGTAATCCCAGCGG-1,1
TTCGTACTCCAGAACG-1,4
TTCGTGGGCTGGAAGC-1,3
TTCGTTCAACGAAGTT-1,1
TTCTAACCGAAGCTTA-1,3
TTCTACCTTTATGTTG-1,1
TTCTACTTGCGAGGGC-1,3
TTCTAGAAAGTCTTAT-1,7
TTCTAGGCCAATTGTG-1,3
TTCTATTAAACGCAGC-1,7
TTCTGACCGGGCTCAA-1,4
TTCTGCCGCGCCTAGA-1,5
TTCTGCGAGCGCCCTT-1,5
TTCTGCGGGTTAGCGG-1,3
TTCTGCTAGACTCCAA-1,1
TTCTGTTTCCTGTCGC-1,3
TTCTTAGTGAACGGTG-1,3
TTCTTAGTGGCTCAGA-1,2
TTCTTATCCGCTGGGT-1,3
TTCTTCCCTTTGATAT-1,1
TTCTTCGCAATAGAGC-1,1
TTCTTGAGCCGCGCTA-1,5
TTCTTGCTAGCATCTC-1,3
TTCTTGGACGATCTGC-1,6
TTCTTGGAGTAATGAG-1,2
TTCTTGTAACCTAATG-1,3
TTCTTGTGTCCATCAG-1,5
TTCTTTGGTCGCGACG-1,1
TTGAAAGGTGTAAAGG-1,1
TTGAACGAATCCTTTG-1,3
TTGAACGACGTGCTGA-1,5
TTGAAGAATTCCCAGG-1,3
TTGAATATGGACTTTC-1,3
TTGAATCGTTGTATAA-1,6
TTGAATTCACGTGAGG-1,3
TTGACAGGAGCTCCCG-1,3
TTGACATGAACGTGGA-1,5
TTGACCAGGAACAACT-1,6
TTGACCATGTTCTCCG-1,3
TTGACCGTGTTAATGA-1,6
TTGACGATTCAGCACG-1,1
TTGACGCTCCATGAGC-1,3
TTGACTACCATATGGT-1,5
TTGACTATTGTCCGGC-1,3
TTGAGAAGTTTAGCAT-1,5
TTGAGAGTACTGCTAA-1,5
TTGAGCAGCCCACGGT-1,3
TTGAGCGCCACGTGAT-1,2
TTGAGGCATTTAACTC-1,1
TTGAGGGTCGAACGCG-1,3
TTGAGTCCCGCTGCTG-1,2
TTGATAGTCAATACAT-1,1
TTGATCTAACTTTGTC-1,3
TTGATGCCGCTCGTCG-1,7
TTGATGTGTAGTCCCG-1,2
TTGATTAGCTGTTTCT-1,6
TTGATTATGCAGATGA-1,3
TTGCAAGAAGACTCCT-1,7
TTGCACAATTCAGAAA-1,4
TTGCACGGAGCAGCAC-1,3
TTGCAGGTCATGAAGT-1,3
TTGCATGCTGATCACG-1,5
TTGCCAAGCAGAACCC-1,3
TTGCCATAGCCCGCTC-1,7
TTGCCCTGATCACGGG-1,4
TTGCCGCTTTCTAGTA-1,6
TTGCCGGTGATCCCTC-1,1
TTGCCTTCTCGCCGGG-1,5
TTGCGCTCTCTCGCTT-1,4
TTGCGCTTGATCAATA-1,6
TTGCGGCATCAGAAAG-1,6
TTGCGGCGACTCATGC-1,1
TTGCGTAGTTTGAGGA-1,4
TTGCGTCGGCCAACCG-1,6
TTGCGTGAACGCTTAG-1,1
TTGCGTGTGTAGGCAT-1,6
TTGCTAGCTACCAATC-1,1
TTGCTCATAGTACGTG-1,5
TTGCTCCCATACCGGA-1,3
TTGCTGAAGGAACCAC-1,3
TTGCTGATCATGTTCG-1,3
TTGCTGCACCTATCCA-1,3
TTGCTGGCCGGGCTTC-1,1
TTGGAAGAATACAGTC-1,6
TTGGACATGTGGCTTA-1,5
TTGGACCATCTGGCAA-1,3
TTGGACCTATAACAGT-1,5
TTGGAGTCTCCCTTCT-1,2
TTGGATATCGTCTACG-1,5
TTGGATCGACTTCTGG-1,1
TTGGATTGGGTACCAC-1,3
TTGGCCAAATTGTATC-1,6
TTGGCCATCTTGCGCT-1,3
TTGGCCTAGAATTTCG-1,1
TTGGCGATCCGAATAT-1,1
TTGGCTCAATATGTGT-1,5
TTGGCTCGCATGAGAC-1,3
TTGGGAAGACGAGCCG-1,7
TTGGGACACTGCCCGC-1,3
TTGGGACGTAAGAGTT-1,3
TTGGGCGGCGGTTGCC-1,3
TTGGGTTTATTCAGCG-1,1
TTGGTATGGCTTGTGT-1,1
TTGGTCACACTCGTAA-1,5
TTGGTGCGGTGTTGAA-1,3
TTGGTTCGCTCAAAGG-1,1
TTGGTTGCGGTGCGCG-1,7
TTGTAACTTCATAGCG-1,3
TTGTAAGGACCTAAGT-1,5
TTGTAAGGCCAGTTGG-1,3
TTGTAATCCGTACTCG-1,3
TTGTATCACACAGAAT-1,1
TTGTCGTTCAGTTACC-1,3
TTGTGAACCTAATCCG-1,5
TTGTGAGGCATGACGC-1,6
TTGTGATCTGTTCAGT-1,5
TTGTGCAGCCACGTCA-1,6
TTGTGGCCCTGACAGT-1,3
TTGTGGTAGGAGGGAT-1,6
TTGTGGTGGTACTAAG-1,5
TTGTGTATGCCACCAA-1,5
TTGTGTTTCCCGAAAG-1,5
TTGTTAGCAAATTCGA-1,3
TTGTTCAGTGTGCTAC-1,3
TTGTTCTAGATACGCT-1,4
TTGTTGTGTGTCAAGA-1,3
TTGTTTCACATCCAGG-1,6
TTGTTTCATTAGTCTA-1,7
TTGTTTCCATACAACT-1,6
TTGTTTGTGTAAATTC-1,1
